"NTACode","nta_pop","NTAName","park_area","ntaname","boroname","unit_area_acres","canopy_2017_pct","netcanopychange_percent","relativecanopychange_percent","stockingrate","pci","povrate","gte65rate","lte17rate","limitedenglishrate","pocrate","crowding","novehicle","spl_theme1","spl_theme2","spl_theme3","spl_theme4","spl_themes","hvi_rank","Year","GeoTypeName","Borough","Geography.ID","Indicator.Name","Degrees.Fahrenheit","Notes.Degrees.Fahrenheit","X","park_perc","rank_park_perc","CM25"
"BK09",23758,"Brooklyn Heights-Cobble Hill",13.1672844082036,"Brooklyn Heights-Cobble Hill","Brooklyn",599.7444203,20.26,3.16,0.18,0.8553,101701.3955,7.605974843,14.51653012,14.99905247,2.008660212,27.42414763,2.836643496,67.52996111,0.624317676,1.061516551,0.804168632,3.268788787,5.758791646,2,"2018","Neighborhood (NTA)","Brooklyn","4709","Daytime Summer Surface Temperature",95.69,NA,NA,0.0219548260267551,113,"0"
"BK17",65167,"Sheepshead Bay-Gerritsen Beach-Manhattan Beach",69.8065233506301,"Sheepshead Bay-Gerritsen Beach-Manhattan Beach","Brooklyn",2313.066164,17.88,-0.01,0,0.5492,33503.58485,14.34801542,20.3790084,18.35207143,17.6375859,37.62888117,7.495403087,35.72634121,2.168032343,1.937781472,1.32882987,2.575899089,8.010542774,2,"2018","Neighborhood (NTA)","Brooklyn","4717","Daytime Summer Surface Temperature",96.2,NA,NA,0.0301792159848611,124,"0"
"BK19",34814,"Brighton Beach",31.4880158141833,"Brighton Beach","Brooklyn",952.8512011,13.89,-1.9,-0.12,0.4978,25989.31431,27.07497023,25.78649182,19.24271441,34.03980134,28.76639947,16.33602567,56.61001714,2.569248689,2.195289469,1.330289382,2.859952766,8.954780306,3,"2018","Neighborhood (NTA)","Brooklyn","4719","Daytime Summer Surface Temperature",95.5,NA,NA,0.0330460997245243,130,"0"
"BK21",31120,"Seagate-Coney Island",242.635532493205,"Seagate-Coney Island","Brooklyn",1409.499486,9.46,-1.21,-0.11,0.5624,18493.51291,34.84354754,19.87538671,24.65399423,20.03313184,68.26511361,8.207191791,62.11790198,3.312619151,2.736179643,1.565121594,2.877921191,10.49184158,4,"2018","Neighborhood (NTA)","Brooklyn","4721","Daytime Summer Surface Temperature",95.38,NA,NA,0.172143044324037,183,"0"
"BK23",17252,"West Brighton",12.222139856684,"West Brighton","Brooklyn",713.2379908,11.21,-2.52,-0.18,0.6366,30638.12996,12.94898653,37.60599142,10.4843329,27.06471921,7.45033385,4.60070347,44.16169667,1.65343825,2.207628043,1.087787952,2.40565124,7.354505485,2,"2018","Neighborhood (NTA)","Brooklyn","4723","Daytime Summer Surface Temperature",95.93,NA,NA,0.017136131297458,91,"0"
"BK25",44817,"Homecrest",15.8643439584878,"Homecrest","Brooklyn",1602.7059,16.23,1.18,0.08,0.7976,29559.11758,18.62445842,15.43402582,27.49688271,16.84540405,27.22386295,12.54808141,40.1759193,2.426432371,2.062596096,1.268214138,2.508659511,8.265902115,3,"2018","Neighborhood (NTA)","Brooklyn","4725","Daytime Summer Surface Temperature",99.78,NA,NA,0.00989847479720875,62,"0"
"BK26",30294,"Gravesend",109.859649122807,"Gravesend","Brooklyn",1523.270775,14.62,1.16,0.09,0.4895,25779.51793,20.53164743,18.45509857,20.93762383,21.20491058,55.83115049,10.21185471,49.23795076,2.872477853,2.34299266,1.538047229,2.605834433,9.359352176,3,"2018","Neighborhood (NTA)","Brooklyn","4726","Daytime Summer Surface Temperature",97.08,NA,NA,0.0721208933604119,163,"0"
"BK27",33580,"Bath Beach",43.0249567580924,"Bath Beach","Brooklyn",1017.455185,14.06,2.42,0.21,0.6454,28410.23095,15.95443973,15.62750454,23.09954573,24.88179588,58.82737735,12.34546033,38.65518171,2.475220024,1.985174001,1.583598631,2.355257907,8.399250563,1,"2018","Neighborhood (NTA)","Brooklyn","4727","Daytime Summer Surface Temperature",93.94,NA,NA,0.0422868322776225,140,"0"
"BK28",89889,"Bensonhurst West",6.27674820854954,"Bensonhurst West","Brooklyn",2167.157033,12.21,1.86,0.18,0.6409,24482.25525,18.20955563,15.18672603,20.90078924,29.94344447,61.4251896,14.99581274,46.95347342,2.88223115,1.918705112,1.619562851,2.517843105,8.938342218,2,"2018","Neighborhood (NTA)","Brooklyn","4728","Daytime Summer Surface Temperature",96.55,NA,NA,0.00289630521137669,10,"0"
"BK29",65589,"Bensonhurst East",16.692858907833,"Bensonhurst East","Brooklyn",1723.283669,14.09,1.85,0.15,0.6667,25209.72025,19.35124271,16.09788556,20.86292022,29.64766725,57.95005801,13.49547037,43.48224634,2.830844822,2.004514751,1.603407896,2.368991055,8.807758523,3,"2018","Neighborhood (NTA)","Brooklyn","4729","Daytime Summer Surface Temperature",97.44,NA,NA,0.00968665763398061,58,"0"
"BK30",43840,"Dyker Heights",16.1754385964912,"Dyker Heights","Brooklyn",1691.777967,17.67,2.33,0.15,0.7205,29003.12272,17.74497813,16.92219741,20.65303728,26.00444769,56.24041424,13.95913462,36.26545981,2.609869933,2.036609151,1.516314068,2.343806113,8.506599264,2,"2018","Neighborhood (NTA)","Brooklyn","4730","Daytime Summer Surface Temperature",96.06,NA,NA,0.00956120656020533,57,"0"
"BK31",78892,"Bay Ridge",156.382011366444,"Bay Ridge","Brooklyn",2195.362663,20.5,2.8,0.16,0.8112,41009.94846,14.91374215,16.36175256,19.04069986,10.28376627,39.30954576,9.685146552,44.91130489,1.892570705,1.617755677,1.239442746,2.734725624,7.484494752,1,"2018","Neighborhood (NTA)","Brooklyn","4731","Daytime Summer Surface Temperature",93.95,NA,NA,0.0712328828407538,162,"0"
"BK32",53266,"Sunset Park West",11.2545095132197,"Sunset Park West","Brooklyn",2124.898646,13.16,1.69,0.15,0.682,24266.50027,25.64879715,9.846486912,22.07027823,28.82999433,82.10691276,19.87218249,65.28357934,3.038558572,1.83969708,1.702123738,2.865787526,9.449405047,4,"2018","Neighborhood (NTA)","Brooklyn","4732","Daytime Summer Surface Temperature",97.53,NA,NA,0.00529649239242805,26,"0"
"BK33",43647,"Carroll Gardens-Columbia Street-Red Hook",67.8028169014084,"Carroll Gardens-Columbia Street-Red Hook","Brooklyn",1543.952873,13.78,1.56,0.13,0.7696,67694.36071,13.9822145,11.02100946,22.25082713,4.650361011,40.71372527,6.091509391,59.68081844,1.404820703,1.478680535,0.948213924,2.476580377,6.30829554,2,"2018","Neighborhood (NTA)","Brooklyn","4733","Daytime Summer Surface Temperature",96.97,NA,NA,0.0439150819219392,142,"0"
"BK34",64170,"Sunset Park East",26.2589572522856,"Sunset Park East","Brooklyn",1501.547438,17.73,2.17,0.14,0.8011,18233.37106,30.40678543,9.760943811,25.91714445,42.11764334,85.43139507,26.28031139,66.59935341,3.195487508,1.737322796,1.783752146,2.74334509,9.459907541,3,"2018","Neighborhood (NTA)","Brooklyn","4734","Daytime Summer Surface Temperature",96.69,NA,NA,0.0174879305093827,94,"0"
"BK35",70238,"Stuyvesant Heights",18.1472695824067,"Stuyvesant Heights","Brooklyn",1677.584787,21.04,3.49,0.2,0.8033,28743.62534,24.73204447,11.91589229,20.29090962,4.051579555,87.28563962,5.203141785,62.4586991,2.717340759,1.944226135,1.330661252,2.743577043,8.735805189,5,"2018","Neighborhood (NTA)","Brooklyn","4735","Daytime Summer Surface Temperature",98.4,NA,NA,0.0108174977044583,65,"0"
"BK37",74137,"Park Slope-Gowanus",25.0177909562639,"Park Slope-Gowanus","Brooklyn",1973.872545,22.18,2.27,0.11,0.8615,73578.38853,7.227141347,10.07554295,20.63321647,1.937649704,33.09229771,4.836274103,54.71554241,0.923012016,1.036276375,0.835174277,2.668199474,5.462662143,2,"2018","Neighborhood (NTA)","Brooklyn","4737","Daytime Summer Surface Temperature",96.5,NA,NA,0.0126744713176321,75,"0"
"BK38",46573,"DUMBO-Vinegar Hill-Downtown Brooklyn-Boerum Hill",45.2112676056338,"DUMBO-Vinegar Hill-Downtown Brooklyn-Boerum Hill","Brooklyn",1386.433513,20.67,2.48,0.14,0.6949,64899.4154,20.64128314,8.766538031,18.82394589,5.71942465,55.53152367,8.321205078,70.1683053,1.807011946,1.402107755,1.155984965,3.290865461,7.655970127,3,"2018","Neighborhood (NTA)","Brooklyn","4738","Daytime Summer Surface Temperature",98.09,NA,NA,0.0326097625177889,129,"0"
"BK40",22759,"Windsor Terrace",8.35013590313813,"Windsor Terrace","Brooklyn",993.1694651,29.58,3.16,0.12,0.8512,58703.00854,7.431381395,12.96950771,22.9557726,5.110901367,31.27836808,4.587824107,41.17198231,0.927215557,1.519198252,1.052159163,2.504237202,6.002810174,1,"2018","Neighborhood (NTA)","Brooklyn","4740","Daytime Summer Surface Temperature",95.63,NA,NA,0.00840756406289371,49,"0"
"BK41",34898,"Kensington-Ocean Parkway",5.89498393872004,"Kensington-Ocean Parkway","Brooklyn",1072.472157,21.42,2.75,0.15,0.7995,26480.90752,21.07719516,13.11725711,26.98810758,13.66062799,52.14866235,16.18680653,53.5764517,2.593920318,1.979938696,1.430110191,3.128381583,9.132350789,3,"2018","Neighborhood (NTA)","Brooklyn","4741","Daytime Summer Surface Temperature",97.94,NA,NA,0.00549663121811007,28,"0"
"BK42",104103,"Flatbush",6.6987892265876,"Flatbush","Brooklyn",2282.298998,23.1,2.48,0.12,0.7803,27522.76153,18.33927846,11.5464246,23.43575311,11.13382109,75.99533509,13.97908274,58.34629268,2.639184775,1.911805363,1.502089254,2.952710495,9.005789886,3,"2018","Neighborhood (NTA)","Brooklyn","4742","Daytime Summer Surface Temperature",97.09,NA,NA,0.00293510588772891,11,"0"
"BK43",53408,"Midwood",3.843093649617,"Midwood","Brooklyn",1749.705223,22.58,1.7,0.08,0.8293,30066.75868,21.28731263,15.99261672,28.39861449,14.58482896,26.34364076,13.5939217,43.88463312,2.392239504,2.184203413,1.189010764,2.902029321,8.667483002,3,"2018","Neighborhood (NTA)","Brooklyn","4743","Daytime Summer Surface Temperature",100.02,NA,NA,0.00219642348842494,5,"0"
"BK44",41116,"Madison",3.72300469483568,"Madison","Brooklyn",1485.280985,19.84,1.53,0.08,0.8078,33069.75262,13.03384931,18.03032863,21.65433859,18.29344939,37.32578983,9.624029494,37.36210752,1.965346321,1.916885407,1.357737214,2.352533725,7.592502666,2,"2018","Neighborhood (NTA)","Brooklyn","4744","Daytime Summer Surface Temperature",99.58,NA,NA,0.00250659958111271,7,"0"
"BK45",46179,"Georgetown-Marine Park-Bergen Beach-Mill Basin",181.705213738572,"Georgetown-Marine Park-Bergen Beach-Mill Basin","Brooklyn",2720.521253,19.22,-0.1,-0.01,0.8147,39164.17957,6.101898336,17.56564137,24.02231698,4.327662071,33.74707497,5.616049952,16.86563927,1.341861281,1.960248894,1.023010879,1.482883856,5.808004909,2,"2018","Neighborhood (NTA)","Brooklyn","4745","Daytime Summer Surface Temperature",99.39,NA,NA,0.0667905878471635,157,"0"
"BK46",20364,"Ocean Parkway South",16.5838893007166,"Ocean Parkway South","Brooklyn",1118.865059,18.09,1.86,0.11,0.8575,31475.84447,20.07067782,15.85519242,32.33199091,9.307106943,16.46716302,12.20614001,32.43603752,2.159379704,2.162358074,0.996724536,2.439118986,7.7575813,3,"2018","Neighborhood (NTA)","Brooklyn","4746","Daytime Summer Surface Temperature",99.86,NA,NA,0.0148220638112863,81,"0"
"BK50",88884,"Canarsie",260.095379293304,"Canarsie","Brooklyn",2783.837313,17.82,0.34,0.02,0.6206,28111.87504,13.2394738,13.23871241,23.05061115,3.954149251,95.26065498,7.359068932,33.67750051,2.158351182,1.981784797,1.420907823,1.931933557,7.492977358,4,"2018","Neighborhood (NTA)","Brooklyn","4750","Daytime Summer Surface Temperature",99.19,NA,NA,0.0934305241469057,173,"0"
"BK58",70560,"Flatlands",13.9597232517915,"Flatlands","Brooklyn",2480.44257,18.8,1.76,0.1,0.6807,30167.40935,9.646475771,15.12163162,23.35527665,4.75212368,83.98970576,9.525715513,30.23788685,2.080643172,1.975362508,1.374898726,2.208865385,7.639769791,4,"2018","Neighborhood (NTA)","Brooklyn","4758","Daytime Summer Surface Temperature",100.55,NA,NA,0.00562791633260489,30,"0"
"BK60",67938,"Prospect Lefferts Gardens-Wingate",11.0088954781319,"Prospect Lefferts Gardens-Wingate","Brooklyn",1690.825495,19.56,1.89,0.11,0.7364,29389.07705,20.26491297,14.65123786,20.75173417,4.912912561,83.0013963,10.30318473,67.50896239,2.55676752,1.803405595,1.341857276,2.906101913,8.608132305,4,"2018","Neighborhood (NTA)","Brooklyn","4760","Daytime Summer Surface Temperature",97.8,NA,NA,0.00651095900238478,36,"0"
"BK61",111782,"Crown Heights North",67.8421052631579,"Crown Heights North","Brooklyn",2331.572834,20.48,3.1,0.18,0.7931,29084.47807,24.95819961,11.19743061,19.82320183,3.529419841,83.22522935,6.518537645,70.3362461,2.65611088,1.88126988,1.295298946,2.93572617,8.768405877,5,"2018","Neighborhood (NTA)","Brooklyn","4761","Daytime Summer Surface Temperature",97.83,NA,NA,0.0290971417550655,123,"0"
"BK63",39594,"Crown Heights South",7.59920929083272,"Crown Heights South","Brooklyn",1194.445844,22.62,2.46,0.12,0.7828,27650.99543,17.21314183,12.32747522,22.47362488,3.909542409,67.21357939,9.226906628,65.166829,2.505363173,1.721409394,1.229618309,2.868798878,8.325189753,4,"2018","Neighborhood (NTA)","Brooklyn","4763","Daytime Summer Surface Temperature",96.98,NA,NA,0.0063621212539735,35,"0"
"BK64",22301,"Prospect Heights",5.29676303434643,"Prospect Heights","Brooklyn",802.0837078,24.46,2.55,0.12,0.8394,63404.41216,10.99383623,11.68512502,16.80003767,2.881965438,49.19088383,3.577289636,68.19396337,1.352138833,1.144771856,1.069766695,2.774920709,6.341598093,3,"2018","Neighborhood (NTA)","Brooklyn","4764","Daytime Summer Surface Temperature",96.62,NA,NA,0.00660375342727592,38,"0"
"BK68",32376,"Fort Greene",49.1606127996046,"Fort Greene","Brooklyn",1045.039148,21.35,2.48,0.13,0.8061,46665.35585,19.53133911,11.78439723,18.7818532,6.408225391,68.79128071,6.641664337,70.45729506,2.140450738,1.820242227,1.302350955,3.054980803,8.318024723,3,"2018","Neighborhood (NTA)","Brooklyn","4768","Daytime Summer Surface Temperature",97.59,NA,NA,0.0470418863194632,147,"0"
"BK69",39245,"Clinton Hill",12.1895231035335,"Clinton Hill","Brooklyn",1252.229379,20.64,3.3,0.19,0.8555,47903.37151,15.53521449,9.665759055,17.87846134,2.987611097,55.21954277,5.638060622,62.67170049,1.652974801,1.180585042,1.058053817,2.850492453,6.742106114,3,"2018","Neighborhood (NTA)","Brooklyn","4769","Daytime Summer Surface Temperature",97.92,NA,NA,0.00973425740359784,60,"0"
"BK72",33828,"Williamsburg",9.84704719545342,"Williamsburg","Brooklyn",847.0451986,16.48,3.17,0.24,0.7687,12945.69386,51.25817938,8.624594886,48.85544468,15.08242225,14.26450994,31.24246065,69.01131993,3.144122233,1.790313964,1.065889308,3.094330518,9.094656024,5,"2018","Neighborhood (NTA)","Brooklyn","4772","Daytime Summer Surface Temperature",100.94,NA,NA,0.0116251732631608,69,"0"
"BK73",57774,"North Side-South Side",71.8490239683716,"North Side-South Side","Brooklyn",1257.269273,14.38,3.81,0.36,0.7384,54676.04397,17.12280139,7.413172382,18.24557472,7.563345957,45.66832702,7.915853145,66.91020233,1.779106229,1.08100429,1.224098066,2.75939407,6.843602656,3,"2018","Neighborhood (NTA)","Brooklyn","4773","Daytime Summer Surface Temperature",99.3,NA,NA,0.0571468861216428,154,"0"
"BK75",79075,"Bedford",26.6847047195453,"Bedford","Brooklyn",1711.749175,20.78,3.57,0.21,0.7726,26638.17737,32.07900883,8.411406991,29.84444744,8.100933883,62.25091911,14.44306781,67.00248179,2.757606798,1.667348138,1.260088788,2.733723366,8.418767091,5,"2018","Neighborhood (NTA)","Brooklyn","4775","Daytime Summer Surface Temperature",99.11,NA,NA,0.015589144197803,84,"0"
"BK76",34554,"Greenpoint",19.7494440326168,"Greenpoint","Brooklyn",1170.062642,10.43,2.82,0.37,0.7435,51115.2228,10.70178371,10.92568548,10.76356802,7.167026358,25.67481573,4.456686715,61.168757,1.410976405,0.737159889,1.090209862,2.251706651,5.490052807,3,"2018","Neighborhood (NTA)","Brooklyn","4776","Daytime Summer Surface Temperature",98.71,NA,NA,0.0168789629919803,90,"0"
"BK77",56384,"Bushwick North",13.9728193723746,"Bushwick North","Brooklyn",1465.336498,13.04,2.52,0.24,0.7888,24701.91057,28.99104836,7.255476679,20.74387653,17.56410931,80.86807243,12.02818531,70.51830643,3.039118029,1.631759219,1.632116077,2.676480845,8.97947417,4,"2018","Neighborhood (NTA)","Brooklyn","4777","Daytime Summer Surface Temperature",99.47,NA,NA,0.00953557042457193,56,"0"
"BK78",72809,"Bushwick South",16.0432419075859,"Bushwick South","Brooklyn",2201.529459,16.98,3.04,0.22,0.7335,25368.89722,26.88727323,10.60874871,20.38581145,12.82099829,81.19650189,8.195772369,68.09634419,3.069324919,1.90925238,1.562603386,2.782009721,9.323190405,5,"2018","Neighborhood (NTA)","Brooklyn","4778","Daytime Summer Surface Temperature",100.69,NA,NA,0.00728731647991355,43,"0"
"BK79",36805,"Ocean Hill",14.4336545589325,"Ocean Hill","Brooklyn",1252.420856,17.81,2.96,0.2,0.7102,21470.12399,26.85360433,11.2322994,26.60172818,3.462027472,94.25412083,7.191322799,66.26823106,2.957213831,2.547294835,1.38923967,2.912342911,9.806091247,5,"2018","Neighborhood (NTA)","Brooklyn","4779","Daytime Summer Surface Temperature",100.62,NA,NA,0.0115246041215179,68,"0"
"BK81",51236,"Brownsville",33.934766493699,"Brownsville","Brooklyn",1647.930427,15.78,2.66,0.2,0.6617,16449.45753,43.34310768,12.39893242,22.82414229,6.196668839,99.01789205,5.540203933,76.79439951,3.562306814,2.473678777,1.57976991,2.814247422,10.43000292,5,"2018","Neighborhood (NTA)","Brooklyn","4781","Daytime Summer Surface Temperature",100.69,NA,NA,0.0205923538625815,106,"0"
"BK82",99982,"East New York",167.757104027675,"East New York","Brooklyn",4444.79149,14.82,2.95,0.25,0.7319,19165.87018,28.70180146,10.66916128,27.21586895,5.603900574,98.09449951,15.39020102,59.94403493,3.112351802,2.44452728,1.546367585,2.84402093,9.947267598,5,"2018","Neighborhood (NTA)","Brooklyn","4782","Daytime Summer Surface Temperature",100.66,NA,NA,0.0377424012813872,137,"0"
"BK83",48738,"Cypress Hills-City Line",12.384482332592,"Cypress Hills-City Line","Brooklyn",1767.383328,20.75,1.76,0.09,0.7774,19904.77347,22.90210546,8.595534313,24.88089191,11.31623219,96.74979924,20.96153109,54.73653262,2.852850509,1.85168473,1.671536274,2.53317664,8.909248152,4,"2018","Neighborhood (NTA)","Brooklyn","4783","Daytime Summer Surface Temperature",98.96,NA,NA,0.00700724180000415,42,"0"
"BK85",28293,"East New York (Pennsylvania Ave)",8.3451939708426,"East New York (Pennsylvania Ave)","Brooklyn",1252.631431,15.49,3.25,0.27,0.85,18599.48443,30.35951898,10.149637,24.46012112,5.176193098,98.32217252,7.828083818,62.56279462,3.355619279,2.514022248,1.524901507,2.545913505,9.940456539,5,"2018","Neighborhood (NTA)","Brooklyn","4785","Daytime Summer Surface Temperature",100.94,NA,NA,0.00666213042744782,39,"0"
"BK88",99534,"Borough Park",8.34247590808006,"Borough Park","Brooklyn",2444.743368,15.99,2.23,0.16,0.7275,16611.81123,36.24128437,10.914555,41.11289051,14.53243605,23.31787031,25.932558,50.17440533,3.040329834,1.70361622,1.121778932,2.83424381,8.699968797,4,"2018","Neighborhood (NTA)","Brooklyn","4788","Daytime Summer Surface Temperature",99.89,NA,NA,0.00341241375977426,18,"0"
"BK90",36587,"East Williamsburg",15.2424017790956,"East Williamsburg","Brooklyn",2024.199628,10.3,2.44,0.31,0.5613,41848.91015,19.77636661,12.57650813,12.9780121,12.87762639,55.69203063,6.500119318,68.47948832,2.284306765,1.346217612,1.369977982,2.802400536,7.802902894,4,"2018","Neighborhood (NTA)","Brooklyn","4790","Daytime Summer Surface Temperature",100.02,NA,NA,0.00753008822265016,44,"0"
"BK91",51633,"East Flatbush-Farragut",4.95206325673338,"East Flatbush-Farragut","Brooklyn",1868.227528,16.81,1.36,0.09,0.6026,26725.49648,13.57958861,16.92810369,21.23648935,3.704075344,97.87072147,8.015771735,46.24814144,2.256972407,2.132803147,1.46260759,2.386055308,8.238438452,5,"2018","Neighborhood (NTA)","Brooklyn","4791","Daytime Summer Surface Temperature",100.53,NA,NA,0.00265067460066533,8,"0"
"BK93",12553,"Starrett City",35.4848035581913,"Starrett City","Brooklyn",771.2841185,19.99,1.6,0.09,0.7067,19206.23989,29.06644026,29.09175672,20.23084285,13.30135844,80.81580735,4.3733251,63.19243594,3.17924029,3.104442914,1.58094946,2.860303952,10.72493662,3,"2018","Neighborhood (NTA)","Brooklyn","4793","Daytime Summer Surface Temperature",95.47,NA,NA,0.0460074344940518,146,"0"
"BK95",28355,"Erasmus",0.0719051148999259,"Erasmus","Brooklyn",995.6909543,15.51,2.1,0.16,0.6323,24877.40301,16.53639723,13.61536826,22.7748231,5.195994981,93.59257904,10.36973753,60.03328453,2.541784886,1.911170191,1.446256813,2.851156806,8.750368695,5,"2018","Neighborhood (NTA)","Brooklyn","4795","Daytime Summer Surface Temperature",98.63,NA,NA,7.22162982292807e-05,1,"0"
"BK96",54956,"Rugby-Remsen Village",6.99036323202372,"Rugby-Remsen Village","Brooklyn",1704.591767,14.74,1.58,0.12,0.6563,26193.26232,16.26322211,16.046153,20.2856547,2.552844547,98.59703106,6.686781546,52.11279223,2.502062459,2.108091461,1.3937719,2.356571342,8.360497163,5,"2018","Neighborhood (NTA)","Brooklyn","4796","Daytime Summer Surface Temperature",99.64,NA,NA,0.00410090167473144,22,"0"
"BK99",328,"park-cemetery-etc-Brooklyn",1612.88435878428,NA,NA,NA,NA,NA,NA,NA,NA,NA,NA,NA,NA,NA,NA,NA,NA,NA,NA,NA,NA,NA,NA,NA,NA,NA,NA,NA,NA,NA,NA,189,NA
"BX01",35190,"Claremont-Bathgate",24.9817148505065,"Claremont-Bathgate","Bronx",1371.364332,18.05,2.77,0.18,0.6702,13157.58791,45.53476097,7.566032058,33.10744094,14.9471063,99.02242407,12.70796682,74.42764623,3.755687747,2.833072643,1.794970537,3.491336043,11.87506697,5,"2018","Neighborhood (NTA)","Bronx","501","Daytime Summer Surface Temperature",99.99,NA,NA,0.0182166870375527,99,"0"
"BX03",38367,"Eastchester-Edenwald-Baychester",71.5678280207561,"Eastchester-Edenwald-Baychester","Bronx",2252.389416,24.71,2,0.09,0.5528,24903.71349,17.67182147,13.05120754,22.24125426,4.621746245,96.88684773,11.56061446,39.73644522,2.641819331,2.276802075,1.502832103,2.602138251,9.02359176,5,"2018","Neighborhood (NTA)","Bronx","503","Daytime Summer Surface Temperature",99.75,NA,NA,0.0317741805712499,128,"0"
"BX05",58354,"Bedford Park-Fordham North",15.3402520385471,"Bedford Park-Fordham North","Bronx",1101.822454,18.45,1.67,0.1,0.7323,19495.35701,32.44261073,8.667237583,26.21994106,25.47381468,95.83916789,16.74022016,73.04664297,3.463520981,2.458586582,1.83215331,3.323427669,11.07768854,4,"2018","Neighborhood (NTA)","Bronx","505","Daytime Summer Surface Temperature",97.37,NA,NA,0.0139226170086266,78,"0"
"BX06",28962,"Belmont",2.04546577711885,"Belmont","Bronx",940.3574192,27.81,2.19,0.09,0.8263,13069.50967,37.90671475,7.530108192,26.04758029,17.22457153,81.83447364,14.57252275,71.27547656,3.718804898,2.388765173,1.640922215,3.563179313,11.3116716,5,"2018","Neighborhood (NTA)","Bronx","506","Daytime Summer Surface Temperature",98.67,NA,NA,0.0021752003390998,4,"0"
"BX07",38814,"Bronxdale",3.32147269582407,"Bronxdale","Bronx",989.8114323,29.56,1.77,0.06,0.6469,19690.43972,27.01381173,12.12664942,24.57113614,12.91128783,86.11336276,13.12716435,57.67909596,3.41950574,2.566947701,1.607022363,2.967480392,10.5609562,4,"2018","Neighborhood (NTA)","Bronx","507","Daytime Summer Surface Temperature",98.41,NA,NA,0.00335566208616731,17,"0"
"BX08",35319,"West Farms-Bronx River",17.0158141833457,"West Farms-Bronx River","Bronx",990.4482195,16.33,2.18,0.15,0.7493,15693.58083,34.79045927,11.27469873,26.98383406,19.90448437,97.2755484,14.3707225,60.63988449,3.549219734,2.76796741,1.803616966,2.979488727,11.10029284,4,"2018","Neighborhood (NTA)","Bronx","508","Daytime Summer Surface Temperature",98.45,NA,NA,0.017179912940765,92,"0"
"BX09",55000,"Soundview-Castle Hill-Clason Point-Harding Park",91.5841363973314,"Soundview-Castle Hill-Clason Point-Harding Park","Bronx",2213.796466,19.01,3.07,0.19,0.6918,22128.2349,27.1817096,14.68433318,24.44517251,8.719060537,97.30017478,6.836187528,48.07142103,3.079608348,2.830428779,1.6408761,2.397217223,9.948130451,4,"2018","Neighborhood (NTA)","Bronx","509","Daytime Summer Surface Temperature",98.66,NA,NA,0.0413697184018051,139,"0"
"BX10",27262,"Pelham Bay-Country Club-City Island",123.425994563874,"Pelham Bay-Country Club-City Island","Bronx",1687.234223,21.42,1.83,0.09,0.6958,36291.55032,10.18565316,19.99893217,18.66051643,5.608457045,50.57934293,4.772653198,27.55351416,1.855145891,2.35931441,1.207032013,2.22991537,7.651407683,1,"2018","Neighborhood (NTA)","Bronx","510","Daytime Summer Surface Temperature",97.12,NA,NA,0.0731528515018003,166,"0"
"BX13",46725,"Co-op City",35.290585618977,"Co-op City","Bronx",1905.48493,19.96,2.29,0.13,0.67,27753.42095,11.0335443,23.94398101,18.0413038,4.345075949,93.37017722,7.066525316,43.53755063,2.338479462,2.830969759,1.429555405,3.149401285,9.748405911,2,"2018","Neighborhood (NTA)","Bronx","513","Daytime Summer Surface Temperature",97.25,NA,NA,0.0185205272754254,100,"0"
"BX14",64459,"East Concourse-Concourse Village",7.73881887818137,"East Concourse-Concourse Village","Bronx",1294.37805,16.26,3.16,0.24,0.7752,17605.38612,34.47989514,11.94004472,25.56303624,23.37741095,98.39418504,16.50293601,73.30558674,3.487298711,2.648661283,1.856287127,3.242222726,11.23446985,5,"2018","Neighborhood (NTA)","Bronx","514","Daytime Summer Surface Temperature",99.24,NA,NA,0.00597879335035183,32,"0"
"BX17",44166,"East Tremont",21.3946132937979,"East Tremont","Bronx",1383.458095,22.57,2.09,0.1,0.7755,14583.87539,40.16445968,11.78772499,28.09497696,17.1431146,98.63194044,11.49913294,60.44922714,3.745993465,2.939374417,1.810617507,3.320455551,11.81644094,5,"2018","Neighborhood (NTA)","Bronx","517","Daytime Summer Surface Temperature",99.61,NA,NA,0.0154645907751892,83,"0"
"BX22",28157,"North Riverdale-Fieldston-Riverdale",110.236718556956,"North Riverdale-Fieldston-Riverdale","Bronx",1636.598115,48.82,1.31,0.03,0.5818,51135.55356,10.36627709,25.63237995,17.33819462,5.104827411,38.19099488,2.81707379,27.17806428,1.546053261,2.040815985,1.110860357,2.738352536,7.45504587,1,"2018","Neighborhood (NTA)","Bronx","522","Daytime Summer Surface Temperature",93.75,NA,NA,0.0673572317764498,158,"0"
"BX26",38629,"Highbridge",24.4311835927848,"Highbridge","Bronx",777.9689846,16.28,2.96,0.22,0.7672,14626.29374,37.8720465,8.448265202,29.88182422,21.48562596,97.48729944,16.59861778,75.11748084,3.558336216,2.719794711,1.837504073,3.221062637,11.33669764,5,"2018","Neighborhood (NTA)","Bronx","526","Daytime Summer Surface Temperature",98.35,NA,NA,0.0314038015350269,127,"0"
"BX27",26181,"Hunts Point",22.13812700766,"Hunts Point","Bronx",1806.752067,9.63,2.4,0.33,0.7805,13648.41728,39.66738052,9.752672164,27.58525347,21.43841426,98.31477325,12.74387693,72.44960299,3.623550019,2.614158013,1.850388193,3.249275294,11.33737152,5,"2018","Neighborhood (NTA)","Bronx","527","Daytime Summer Surface Temperature",100.36,NA,NA,0.0122529966407726,71,"0"
"BX28",50658,"Van Cortlandt Village",32.0711638250556,"Van Cortlandt Village","Bronx",1299.423162,22.49,1.54,0.07,0.8175,21274.54193,26.28366153,12.4261981,24.85646412,21.08432316,91.99079611,15.07424561,65.25546481,3.194413101,2.509334452,1.739352502,3.337407926,10.78050798,3,"2018","Neighborhood (NTA)","Bronx","528","Daytime Summer Surface Temperature",95.56,NA,NA,0.0246810775449727,117,"0"
"BX29",31123,"Spuyten Duyvil-Kingsbridge",32.9967877440079,"Spuyten Duyvil-Kingsbridge","Bronx",1225.374119,35.49,2.01,0.06,0.6767,44571.90737,13.03540502,23.73449433,18.42987059,8.12661128,54.29973159,5.908688289,40.32127816,1.793553929,2.198858799,1.233658648,3.073380936,8.299452312,2,"2018","Neighborhood (NTA)","Bronx","529","Daytime Summer Surface Temperature",96.01,NA,NA,0.0269279293828532,120,"0"
"BX30",33742,"Kingsbridge Heights",15.653076352854,"Kingsbridge Heights","Bronx",894.8053919,17.46,1.69,0.11,0.808,17445.14725,27.21122408,12.071803,25.9123869,28.28101545,96.49154619,17.09806921,71.94993626,3.403672086,2.585724255,1.839084243,3.695661689,11.52414227,4,"2018","Neighborhood (NTA)","Bronx","530","Daytime Summer Surface Temperature",97.29,NA,NA,0.0174932745092391,95,"0"
"BX31",31097,"Allerton-Pelham Gardens",10.2293056585125,"Allerton-Pelham Gardens","Bronx",1611.608339,21.12,1.86,0.1,0.744,28486.97021,11.21934173,19.60072203,19.42027318,9.177632607,78.99597099,6.917463195,26.76218548,2.304409912,2.389259166,1.503702157,2.364561926,8.56193316,4,"2018","Neighborhood (NTA)","Bronx","531","Daytime Summer Surface Temperature",100.33,NA,NA,0.00634726528212168,34,"0"
"BX33",27974,"Longwood",14.346923647146,"Longwood","Bronx",896.2707771,14.33,3.48,0.32,0.8191,15365.80057,36.29490023,9.079701407,27.48816035,19.65855584,98.29861111,12.14312733,71.05938846,3.712803334,2.652671512,1.825888598,3.34699953,11.53836297,5,"2018","Neighborhood (NTA)","Bronx","533","Daytime Summer Surface Temperature",100.51,NA,NA,0.0160073540426782,85,"0"
"BX34",42877,"Melrose South-Mott Haven North",10.2246108228317,"Melrose South-Mott Haven North","Bronx",1089.544695,17.24,3.54,0.26,0.7699,16656.36356,39.90359591,9.467440884,30.40106338,19.77827993,98.32130031,12.0737932,71.88816753,3.590040292,2.827790835,1.827664834,3.29610208,11.54159804,5,"2018","Neighborhood (NTA)","Bronx","534","Daytime Summer Surface Temperature",101.05,NA,NA,0.00938429682577797,54,"0"
"BX35",41100,"Morrisania-Melrose",12.8267852730418,"Morrisania-Melrose","Bronx",1256.123563,17.31,4.03,0.3,0.8005,17690.63643,33.95020159,8.851161881,27.36035431,16.18978864,98.78900672,11.48214783,68.36016371,3.567585305,2.718868266,1.809906776,3.510020799,11.60638115,5,"2018","Neighborhood (NTA)","Bronx","535","Daytime Summer Surface Temperature",99.63,NA,NA,0.0102114040774839,64,"0"
"BX36",57214,"University Heights-Morris Heights",19.6545589325426,"University Heights-Morris Heights","Bronx",968.6127264,17.58,2.06,0.13,0.7763,14158.23472,41.38267991,8.447064466,29.03561189,24.13099853,98.8669053,15.00451566,74.98017693,3.646676571,2.663422502,1.877047297,3.473881957,11.66102833,5,"2018","Neighborhood (NTA)","Bronx","536","Daytime Summer Surface Temperature",97.79,NA,NA,0.0202914522975471,105,"0"
"BX37",28214,"Van Nest-Morris Park-Westchester Square",45.6036570298987,"Van Nest-Morris Park-Westchester Square","Bronx",2122.104125,19.21,1.5,0.08,0.7544,22322.36654,22.44913115,11.5419356,25.68153358,13.37691698,75.71625293,14.59033582,39.76229486,3.098581971,2.376974197,1.557876886,2.54400543,9.577438484,4,"2018","Neighborhood (NTA)","Bronx","537","Daytime Summer Surface Temperature",100.64,NA,NA,0.0214898300666084,112,"0"
"BX39",52835,"Mott Haven-Port Morris",74.5100074128984,"Mott Haven-Port Morris","Bronx",1376.883981,13.4,2.48,0.23,0.6317,13561.12368,44.42788435,8.673677603,29.58792349,19.07873456,98.14779831,13.50165796,77.05809686,3.737284519,2.784104498,1.828250385,3.184105352,11.53374475,5,"2018","Neighborhood (NTA)","Bronx","539","Daytime Summer Surface Temperature",99.78,NA,NA,0.0541149497278511,151,"0"
"BX40",28366,"Fordham South",2.00098838645911,"Fordham South","Bronx",675.5236775,13.36,1.94,0.17,0.872,12688.53409,44.72452777,6.608027979,31.0477631,25.60444894,99.27849382,22.02622852,79.81500142,3.82616139,2.622879509,1.904092405,3.605718879,11.95885218,5,"2018","Neighborhood (NTA)","Bronx","540","Daytime Summer Surface Temperature",97.91,NA,NA,0.00296212916453858,13,"0"
"BX41",54076,"Mount Hope",12.2142327650111,"Mount Hope","Bronx",992.9647796,14.01,2.33,0.2,0.7734,15171.8242,34.62323772,8.762985451,28.02595398,24.76452874,98.64815595,19.71730704,72.36127674,3.623437635,2.504946769,1.880456316,3.503768249,11.51260897,5,"2018","Neighborhood (NTA)","Bronx","541","Daytime Summer Surface Temperature",98.42,NA,NA,0.0123007714029207,72,"0"
"BX43",40032,"Norwood",76.0825302693353,"Norwood","Bronx",1119.578438,33.93,2.19,0.07,0.7698,17385.14169,32.98482724,9.115776636,27.06751368,21.71982855,90.26115282,22.54518199,64.66467426,3.53332671,2.627258553,1.742667919,3.602627134,11.50588032,4,"2018","Neighborhood (NTA)","Bronx","543","Daytime Summer Surface Temperature",95.82,NA,NA,0.067956409025926,160,"0"
"BX44",67724,"Williamsbridge-Olinville",11.5260686928589,"Williamsbridge-Olinville","Bronx",1748.585566,23.61,2.1,0.1,0.6143,21302.49535,22.36654956,12.38057682,24.17382068,6.083545026,97.62352791,10.45214395,47.77235084,3.21335383,2.61293509,1.556113223,2.671934153,10.0543363,5,"2018","Neighborhood (NTA)","Bronx","544","Daytime Summer Surface Temperature",98.95,NA,NA,0.00659165265742501,37,"0"
"BX46",30318,"Parkchester",3.71633308623672,"Parkchester","Bronx",709.1087275,17.29,1.39,0.09,0.6326,27845.71754,17.80118859,11.73758396,19.85967009,8.691327539,97.9507902,10.72028184,65.26177729,2.801601577,1.984822366,1.6565003,2.79575322,9.238677463,4,"2018","Neighborhood (NTA)","Bronx","546","Daytime Summer Surface Temperature",99.14,NA,NA,0.00524085086265804,25,"0"
"BX49",28608,"Pelham Parkway",62.876204595997,"Pelham Parkway","Bronx",1396.458085,22.75,1.48,0.07,0.7655,30631.93965,16.48116418,14.55972054,19.13721163,10.71148964,69.35148895,7.947328191,44.33804517,2.633557808,2.188935313,1.470883187,2.579947902,8.873324211,3,"2018","Neighborhood (NTA)","Bronx","549","Daytime Summer Surface Temperature",98.96,NA,NA,0.0450254864584761,145,"0"
"BX52",45634,"Schuylerville-Throgs Neck-Edgewater Park",378.023474178404,"Schuylerville-Throgs Neck-Edgewater Park","Bronx",2684.809007,15.81,1.72,0.12,0.6727,32159.32284,12.7938966,15.7672869,20.94293313,6.085855586,63.71069643,4.626299936,23.54259774,2.219675313,2.433814418,1.309424213,1.927548295,7.890462239,1,"2018","Neighborhood (NTA)","Bronx","552","Daytime Summer Surface Temperature",98.31,NA,NA,0.140800881251813,182,"0"
"BX55",36454,"Soundview-Bruckner",22.0205090190264,"Soundview-Bruckner","Bronx",1095.860616,15.95,2.4,0.18,0.8185,16510.3864,33.09856181,11.05754915,26.94747913,21.05373822,96.94347967,17.45292217,61.07868839,3.53605585,2.652164807,1.816380105,3.157532618,11.16213338,4,"2018","Neighborhood (NTA)","Bronx","555","Daytime Summer Surface Temperature",97.96,NA,NA,0.0200942608006148,103,"0"
"BX59",28444,"Westchester-Unionport",6.7311588831233,"Westchester-Unionport","Bronx",1375.364935,14.58,1.67,0.13,0.8232,21787.45403,22.15183379,12.34341036,23.27144018,14.94456929,95.75588651,12.22188891,43.85423998,3.176150265,2.381464896,1.715086446,2.960038633,10.23274024,4,"2018","Neighborhood (NTA)","Bronx","559","Daytime Summer Surface Temperature",100.06,NA,NA,0.0048940893517278,24,"0"
"BX62",44715,"Woodlawn-Wakefield",19.9157400543613,"Woodlawn-Wakefield","Bronx",1543.193957,28.55,2.21,0.08,0.6751,29448.40376,13.6165101,14.55667381,19.45013681,3.323915819,84.87911441,7.381305577,33.5830202,2.453009323,2.191165562,1.292990462,2.304767965,8.241933312,4,"2018","Neighborhood (NTA)","Bronx","562","Daytime Summer Surface Temperature",99.18,NA,NA,0.0129055326869461,76,"0"
"BX63",38312,"West Concourse",98.5638744749197,"West Concourse","Bronx",1201.860664,14.14,3,0.27,0.7831,15900.43775,34.89027074,7.897928101,27.48786009,26.68149733,97.99006854,20.28461437,78.92254142,3.529778194,2.561520238,1.884282298,3.08896848,11.06454921,5,"2018","Neighborhood (NTA)","Bronx","563","Daytime Summer Surface Temperature",97.86,NA,NA,0.0820094021106258,171,"0"
"BX75",22409,"Crotona Park East",26.8811465282926,"Crotona Park East","Bronx",1205.829462,18.31,2.99,0.2,0.7454,17045.9163,40.59945709,10.63547482,26.33934308,16.01865358,99.22003348,12.09063023,57.50418495,3.534986848,2.606183256,1.822448677,3.116837551,11.08045633,5,"2018","Neighborhood (NTA)","Bronx","575","Daytime Summer Surface Temperature",99.97,NA,NA,0.0222926602603549,114,"0"
"BX98",6864,NA,NA,NA,NA,NA,NA,NA,NA,NA,NA,NA,NA,NA,NA,NA,NA,NA,NA,NA,NA,NA,NA,NA,NA,NA,NA,NA,NA,NA,NA,NA,NA,190,NA
"BX99",693,"park-cemetery-etc-Bronx",4194.81616011861,NA,NA,NA,NA,NA,NA,NA,NA,NA,NA,NA,NA,NA,NA,NA,NA,NA,NA,NA,NA,NA,NA,NA,NA,NA,NA,NA,NA,NA,NA,191,NA
"MN01",52529,"Marble Hill-Inwood",21.6355324932048,"Marble Hill-Inwood","Manhattan",1110.595586,30.6,2.68,0.1,0.7786,25961.516,21.40997317,13.34826726,20.66521862,22.00849552,83.17869317,15.02181701,72.99317675,2.931782013,2.209909803,1.686453305,2.900889154,9.729034275,3,"2018","Neighborhood (NTA)","Manhattan","6101","Daytime Summer Surface Temperature",97.08,NA,NA,0.0194810179024112,102,"0"
"MN03",86144,"Central Harlem North-Polo Grounds",31.3590313812701,"Central Harlem North-Polo Grounds","Manhattan",1228.694686,23.43,3.41,0.17,0.8423,31941.53384,27.0400281,10.6125074,21.18536294,6.617163858,89.89108887,7.221398795,79.36429393,2.764606613,2.083938489,1.447443901,3.176938942,9.472927946,5,"2018","Neighborhood (NTA)","Manhattan","6103","Daytime Summer Surface Temperature",98.39,NA,NA,0.0255222324460107,118,"0"
"MN04",52510,"Hamilton Heights",44.1391153941191,"Hamilton Heights","Manhattan",773.9453889,23.36,3.07,0.15,0.8768,29526.9393,23.52154649,10.55579127,17.88514801,14.90332827,81.815,8.368354839,78.44435863,2.80215562,1.590166949,1.602807419,3.341331658,9.336461647,3,"2018","Neighborhood (NTA)","Manhattan","6104","Daytime Summer Surface Temperature",95.15,NA,NA,0.0570313048274033,153,"0"
"MN06",23769,"Manhattanville",35.8771929824561,"Manhattanville","Manhattan",670.7311768,22.27,2.85,0.15,0.6719,22667.78424,28.94677058,11.45813796,17.97115279,16.85656233,88.88812149,7.737667385,79.59308917,2.898265329,1.923027969,1.670962607,3.060005044,9.554510344,4,"2018","Neighborhood (NTA)","Manhattan","6106","Daytime Summer Surface Temperature",96.76,NA,NA,0.0534896754816484,150,"0"
"MN09",54801,"Morningside Heights",122.250308870768,"Morningside Heights","Manhattan",940.1575725,30.13,3.24,0.12,0.8605,44639.29139,21.38462915,14.72392361,11.03970317,5.36554978,55.64488831,4.039646664,76.17745696,1.947622394,1.164555257,1.199709873,3.414770145,7.726657669,2,"2018","Neighborhood (NTA)","Manhattan","6109","Daytime Summer Surface Temperature",96.22,NA,NA,0.13003172281609,178,"0"
"MN11",49945,"Central Harlem South",2.8075117370892,"Central Harlem South","Manhattan",934.8309052,25.75,3.63,0.16,0.8945,41567.71769,24.011607,10.08396914,19.06303854,4.352169826,78.99657489,5.239250744,76.54649068,2.28597802,1.607651216,1.301620676,3.174396119,8.36964603,5,"2018","Neighborhood (NTA)","Manhattan","6111","Daytime Summer Surface Temperature",98.35,NA,NA,0.00300322948404081,14,"0"
"MN12",130223,"Upper West Side",148.428959723252,"Upper West Side","Manhattan",1359.112773,33.79,1.95,0.06,0.917,102061.7649,10.28606999,20.29352233,16.12708694,4.148565173,32.70699558,2.93404477,71.92225737,1.106369661,1.593138404,0.92542877,2.903327856,6.528264691,1,"2018","Neighborhood (NTA)","Manhattan","6112","Daytime Summer Surface Temperature",95.51,NA,NA,0.109210186727641,175,"0"
"MN13",77490,"Hudson Yards-Chelsea-Flatiron-Union Square",25.1727205337287,"Hudson Yards-Chelsea-Flatiron-Union Square","Manhattan",1558.675709,9.71,1.68,0.21,0.6469,109949.9088,12.09832689,13.19165528,9.413953398,4.325322977,37.60709964,4.139817598,80.29629731,1.090346969,0.850113048,1.055238428,3.114245529,6.109943974,2,"2018","Neighborhood (NTA)","Manhattan","6113","Daytime Summer Surface Temperature",99.13,NA,NA,0.0161500691826902,86,"0"
"MN14",63920,"Lincoln Square",33.1551766740796,"Lincoln Square","Manhattan",802.0641536,23.94,1.05,0.05,0.8453,119163.8573,8.301220388,21.15529553,14.12680705,2.426025365,30.60052485,3.645878599,71.25970487,0.775311596,1.400570578,0.723055289,2.767861492,5.666798955,2,"2018","Neighborhood (NTA)","Manhattan","6114","Daytime Summer Surface Temperature",96.39,NA,NA,0.0413373126392262,138,"0"
"MN15",52941,"Clinton",8.6098344452681,"Clinton","Manhattan",905.1985149,9.13,1.2,0.15,0.7775,77906.18162,15.64000563,13.25283773,6.462631135,6.382539491,47.2055368,4.838620925,86.01899393,1.460781872,1.07054251,1.234124673,3.280228896,7.045677951,2,"2018","Neighborhood (NTA)","Manhattan","6115","Daytime Summer Surface Temperature",98.27,NA,NA,0.0095115428312642,55,"0"
"MN17",27754,"Midtown-Midtown South",10.8878181368915,"Midtown-Midtown South","Manhattan",1603.391875,9.91,0.56,0.06,0.3455,112852.1719,11.02093991,14.39129686,7.981176682,2.913144395,38.48195516,4.457772197,82.31144395,0.920245614,0.800658511,0.975405693,3.198227695,5.894537514,2,"2018","Neighborhood (NTA)","Manhattan","6117","Daytime Summer Surface Temperature",97.49,NA,NA,0.00679049102509112,41,"0"
"MN19",50121,"Turtle Bay-East Midtown",7.64516926118112,"Turtle Bay-East Midtown","Manhattan",890.3121701,11.44,0.86,0.08,0.7908,132734.6601,4.511048226,25.04068354,8.404719012,1.188282184,24.91300518,3.230890793,74.04807892,0.40774841,1.098305988,0.672550516,2.899799685,5.078404599,2,"2018","Neighborhood (NTA)","Manhattan","6119","Daytime Summer Surface Temperature",97.2,NA,NA,0.00858706588310751,50,"0"
"MN20",49853,"Murray Hill-Kips Bay",8.05559673832468,"Murray Hill-Kips Bay","Manhattan",912.7228331,12.54,1.07,0.09,0.7918,87076.32605,13.14492517,15.48239246,8.909461015,4.613829409,37.51476086,4.040454212,82.45154369,1.000544048,0.873335209,1.004352578,3.216815853,6.095047688,2,"2018","Neighborhood (NTA)","Manhattan","6120","Daytime Summer Surface Temperature",97.81,NA,NA,0.00882589593049229,51,"0"
"MN21",26497,"Gramercy",5.47121324437855,"Gramercy","Manhattan",654.388671,17.31,1.48,0.09,0.7975,98434.76738,9.073963904,12.19905303,6.518905971,0.793571747,29.45647282,3.120164884,78.95901292,0.94257539,0.486096312,0.694026894,3.266734202,5.389432799,3,"2018","Neighborhood (NTA)","Manhattan","6121","Daytime Summer Surface Temperature",99.93,NA,NA,0.00836080067831515,48,"0"
"MN22",42950,"East Village",14.7748949839387,"East Village","Manhattan",785.1143712,20.49,2.55,0.14,0.8547,62880.59943,16.49413577,10.67630088,5.087204025,2.90969221,35.10398316,3.84100261,83.85016107,1.428570521,0.752560975,0.96479285,3.134431973,6.280356319,3,"2018","Neighborhood (NTA)","Manhattan","6122","Daytime Summer Surface Temperature",98.28,NA,NA,0.0188187804553319,101,"0"
"MN23",65393,"West Village",19.6034099332839,"West Village","Manhattan",1121.747759,14.66,1.97,0.16,0.7873,118765.4223,6.659601859,16.40052522,9.253925564,0.34780102,20.03320807,3.873766187,76.41167859,0.669226537,0.904789437,0.45899883,3.008779771,5.041794576,1,"2018","Neighborhood (NTA)","Manhattan","6123","Daytime Summer Surface Temperature",98,NA,NA,0.0174757736541053,93,"0"
"MN24",43835,"SoHo-TriBeCa-Civic Center-Little Italy",17.3276501111935,"SoHo-TriBeCa-Civic Center-Little Italy","Manhattan",1171.616819,11.67,2.49,0.27,0.5527,125298.7182,8.716272425,13.30612675,15.29688978,7.818975128,33.79584524,7.142004309,76.21579933,0.920063966,1.05139088,0.969161186,3.03034745,5.970963481,2,"2018","Neighborhood (NTA)","Manhattan","6124","Daytime Summer Surface Temperature",98.68,NA,NA,0.0147895197731823,80,"0"
"MN25",46466,"Battery Park City-Lower Manhattan",28.8890536199654,"Battery Park City-Lower Manhattan","Manhattan",870.0611809,14.86,3.02,0.25,0.5223,105250.691,6.925573555,6.987889667,15.45443958,2.752565674,33.51030867,8.802237303,78.78570928,0.644662023,0.671829094,0.828252496,3.219511237,5.364254849,1,"2018","Neighborhood (NTA)","Manhattan","6125","Daytime Summer Surface Temperature",92.56,NA,NA,0.0332034737948914,131,"0"
"MN27",42766,"Chinatown",21.2676056338028,"Chinatown","Manhattan",941.2620884,15.39,2.01,0.15,0.6104,32814.12314,26.46148155,21.88556579,11.35342018,35.33626254,81.66854659,12.78286051,84.46282738,2.884567514,1.600931156,1.733628757,3.431917196,9.651044623,4,"2018","Neighborhood (NTA)","Manhattan","6127","Daytime Summer Surface Temperature",97.77,NA,NA,0.0225947755634719,115,"0"
"MN28",68838,"Lower East Side",77.2159624413146,"Lower East Side","Manhattan",1066.299777,21.22,1.23,0.06,0.6761,31310.62232,30.85673645,19.69551781,15.36751067,21.69512894,76.70913835,5.41152418,81.94099029,2.775922879,2.309121961,1.617393231,3.239667977,9.942106048,3,"2018","Neighborhood (NTA)","Manhattan","6128","Daytime Summer Surface Temperature",97.43,NA,NA,0.0724148725404025,164,"0"
"MN31",82085,"Lenox Hill-Roosevelt Island",11.7768717568569,"Lenox Hill-Roosevelt Island","Manhattan",1158.673759,17.41,1.93,0.12,0.8099,96799.21825,6.470215427,17.49183658,15.74458368,2.720159639,29.99963585,6.161887713,73.56502655,0.554318276,1.167279279,0.851755517,2.990868422,5.564221494,1,"2018","Neighborhood (NTA)","Manhattan","6131","Daytime Summer Surface Temperature",96.24,NA,NA,0.0101640963777595,63,"0"
"MN32",78459,"Yorkville",23.6207066963183,"Yorkville","Manhattan",703.1518271,20.45,1.94,0.1,0.8884,92484.86071,6.30159635,17.2561547,12.67681395,1.731958947,24.9725208,4.159950665,74.42016079,0.597355381,1.076220211,0.746591212,2.907240495,5.327407299,1,"2018","Neighborhood (NTA)","Manhattan","6132","Daytime Summer Surface Temperature",96.64,NA,NA,0.0335926122722838,133,"0"
"MN33",58553,"East Harlem South",15.9918458117124,"East Harlem South","Manhattan",888.0612358,26.25,2.59,0.11,0.7341,34591.29413,29.13653477,14.09037899,18.1126259,11.93873624,80.33279159,7.384086923,80.38149126,2.885972488,2.041694206,1.522644235,3.281376145,9.731687073,4,"2018","Neighborhood (NTA)","Manhattan","6133","Daytime Summer Surface Temperature",97.76,NA,NA,0.018007593583686,97,"0"
"MN34",61330,"East Harlem North",69.1914998764517,"East Harlem North","Manhattan",1189.934474,21.55,3.67,0.21,0.7552,22326.76943,37.07216844,11.97175768,23.12544022,11.77305206,92.16998408,8.163680943,81.46310938,3.309553581,2.495521614,1.621722802,3.292351661,10.71914966,5,"2018","Neighborhood (NTA)","Manhattan","6134","Daytime Summer Surface Temperature",98.18,NA,NA,0.0581473193594118,155,"0"
"MN35",72175,"Washington Heights North",124.500370644922,"Washington Heights North","Manhattan",935.0672596,34.78,3.65,0.12,0.8145,27766.29274,19.88709002,15.59539643,17.53030444,25.23834392,73.21591469,11.36242676,76.25525105,2.890455721,1.902272016,1.620666962,3.171230725,9.584625423,1,"2018","Neighborhood (NTA)","Manhattan","6135","Daytime Summer Surface Temperature",94.63,NA,NA,0.13314589872196,179,"0"
"MN36",91865,"Washington Heights South",69.0244625648629,"Washington Heights South","Manhattan",950.6502036,25.95,2.95,0.13,0.757,25175.6441,22.79025122,13.30188548,15.53911043,27.6685372,86.11777329,12.86318183,77.34627761,3.10231493,1.883289544,1.747442626,3.275306933,10.00835403,2,"2018","Neighborhood (NTA)","Manhattan","6136","Daytime Summer Surface Temperature",95.56,NA,NA,0.0726076345468348,165,"0"
"MN40",54413,"Upper East Side-Carnegie Hill",5.18729923400049,"Upper East Side-Carnegie Hill","Manhattan",1306.043584,24.38,0.61,0.03,0.9134,168471.7864,4.54000611,30.72037593,15.49449945,0.999915542,16.64758217,1.417946414,62.48827832,0.405908949,1.498795283,0.556278754,2.435655742,4.896638728,1,"2018","Neighborhood (NTA)","Manhattan","6140","Daytime Summer Surface Temperature",97.47,NA,NA,0.00397176579522211,21,"0"
"MN50",22335,"Stuyvesant Town-Cooper Village",1.53817642698295,"Stuyvesant Town-Cooper Village","Manhattan",543.8918255,19.57,1.38,0.08,0.6575,72084.47204,9.210584604,16.03983297,12.51181917,1.121368918,27.78631082,4.197095134,73.45332244,0.616142157,1.23258406,0.747505174,2.497491485,5.093722876,1,"2018","Neighborhood (NTA)","Manhattan","6150","Daytime Summer Surface Temperature",94.05,NA,NA,0.00282809256338593,9,"0"
"MN99",2033,"park-cemetery-etc-Manhattan",1507.84828267853,NA,NA,NA,NA,NA,NA,NA,NA,NA,NA,NA,NA,NA,NA,NA,NA,NA,NA,NA,NA,NA,NA,NA,NA,NA,NA,NA,NA,NA,NA,192,NA
"QN01",43789,"South Jamaica",22.6093402520385,"South Jamaica","Queens",1965.509201,17.98,1.6,0.1,0.6331,22521.58389,16.03386586,11.7972973,23.80043696,7.067209211,98.61454928,9.321658613,36.5513421,3.117624484,2.129892211,1.568751969,1.977936643,8.794205306,5,"2018","Neighborhood (NTA)","Queens","8101","Daytime Summer Surface Temperature",102.76,NA,NA,0.0115030447278168,67,"0"
"QN02",27046,"Springfield Gardens North",40.5695576970596,"Springfield Gardens North","Queens",1524.62379,21.02,2.49,0.13,0.7149,28906.07165,7.801830084,17.52914029,21.36249412,0.670158053,98.98526167,1.560211943,28.94839958,1.87463284,2.506440443,1.179461604,2.381336566,7.941871453,5,"2018","Neighborhood (NTA)","Queens","8102","Daytime Summer Surface Temperature",101.51,NA,NA,0.0266095530996926,119,"0"
"QN03",22196,"Springfield Gardens South-Brookville",76.044230294045,"Springfield Gardens South-Brookville","Queens",2442.812591,16.87,1.47,0.1,0.6268,26409.613,11.64146559,13.57381144,26.3136908,1.514110813,96.994437,8.554088472,15.61494191,2.386239678,2.267262087,1.267467471,2.285330277,8.206299513,4,"2018","Neighborhood (NTA)","Queens","8103","Daytime Summer Surface Temperature",101.19,NA,NA,0.0311297848120699,126,"0"
"QN05",26680,"Rosedale",404.700518902891,"Rosedale","Queens",2316.65648,18.43,1.41,0.08,0.7456,31148.70142,7.683160394,12.55850978,19.93217445,3.954493242,96.66329977,4.761347015,16.66276755,1.897222847,1.866900705,1.448743883,1.702482498,6.915349933,3,"2018","Neighborhood (NTA)","Queens","8105","Daytime Summer Surface Temperature",99.23,NA,NA,0.174691639609378,184,"0"
"QN06",27296,"Jamaica Estates-Holliswood",69.6669137632814,"Jamaica Estates-Holliswood","Queens",2091.073333,30.94,-0.42,-0.01,0.6812,35784.73911,6.152045857,17.65691066,18.12247238,7.684492967,77.6958404,9.475419542,24.31921786,1.777645314,1.633308289,1.441876951,2.564290617,7.417121171,1,"2018","Neighborhood (NTA)","Queens","8106","Daytime Summer Surface Temperature",98.38,NA,NA,0.0333163417388774,132,"0"
"QN07",20714,"Hollis",4.9780084012849,"Hollis","Queens",1267.948098,20.62,0.91,0.05,0.6518,28133.53087,11.01853786,13.97523778,21.08467922,5.636343715,97.5815414,9.194997203,25.22776016,2.344840689,1.950142857,1.546703222,2.209055511,8.050742279,5,"2018","Neighborhood (NTA)","Queens","8107","Daytime Summer Surface Temperature",102.37,NA,NA,0.00392603483465685,20,"0"
"QN08",53151,"St. Albans",87.0229799851742,"St. Albans","Queens",3153.277307,19.95,1.46,0.08,0.6069,29883.96885,8.77869161,14.61884293,21.69557346,1.738150713,98.72123687,4.835950615,20.47749497,2.106259241,2.162135461,1.3097088,1.504592051,7.078118326,5,"2018","Neighborhood (NTA)","Queens","8108","Daytime Summer Surface Temperature",102.34,NA,NA,0.0275976298665489,121,"0"
"QN10",28004,"Breezy Point-Belle Harbor-Rockaway Park-Broad Channel",165.704966641957,"Breezy Point-Belle Harbor-Rockaway Park-Broad Channel","Queens",2957.395573,8.16,-1.95,-0.19,0.5588,45641.9711,9.191292034,20.02426687,20.16152936,2.304119165,24.40907364,3.069272962,19.83113214,1.430568628,2.156615968,0.69778518,2.214916545,6.49988632,2,"2018","Neighborhood (NTA)","Queens","8110","Daytime Summer Surface Temperature",94.28,NA,NA,0.0560307076113815,152,"0"
"QN12",42665,"Hammels-Arverne-Edgemere",461.249073387695,"Hammels-Arverne-Edgemere","Queens",1742.580495,8.4,-0.66,-0.07,0.4864,22837.88196,24.15560646,11.66587171,27.81325537,7.573359055,83.87510248,7.899734748,43.41438389,3.108886422,2.717902146,1.484792626,2.828029535,10.13961073,3,"2018","Neighborhood (NTA)","Queens","8112","Daytime Summer Surface Temperature",93.7,NA,NA,0.264693123050074,188,"0"
"QN15",57757,"Far Rockaway-Bayswater",122.351618482827,"Far Rockaway-Bayswater","Queens",1458.856019,17.31,1.35,0.08,0.6598,22065.28125,19.80622766,12.93132409,30.30842504,9.079910477,72.97119883,10.9933088,38.69030997,2.971686506,2.675932248,1.448325295,2.916451421,10.01239547,4,"2018","Neighborhood (NTA)","Queens","8115","Daytime Summer Surface Temperature",95.93,NA,NA,0.0838681932208053,172,"0"
"QN17",87668,"Forest Hills",13.405485544848,"Forest Hills","Queens",2480.589725,28.12,0.24,0.01,0.8241,48043.71103,9.715345419,19.96417515,17.76308584,9.659409147,50.07938129,7.04206289,42.62746255,1.283725437,1.711812474,1.31571055,2.559365623,6.870614084,2,"2018","Neighborhood (NTA)","Queens","8117","Daytime Summer Surface Temperature",98.63,NA,NA,0.00540415265359855,27,"0"
"QN18",28213,"Rego Park",5.70200148257969,"Rego Park","Queens",1306.699951,21,0.75,0.04,0.7615,37459.95944,13.67618876,22.06055373,15.50793468,14.41374238,59.4974945,8.820617182,41.61624067,1.664667414,1.757735679,1.486648354,2.487559771,7.396611219,3,"2018","Neighborhood (NTA)","Queens","8118","Daytime Summer Surface Temperature",100.08,NA,NA,0.00436366549047164,23,"0"
"QN19",35677,"Glendale",5.78131949592291,"Glendale","Queens",1916.994112,26.66,1.77,0.07,0.7955,32345.80847,8.453971779,13.66137284,21.91932764,8.228558579,44.50712559,3.550713964,24.76495671,1.792698474,1.722314321,1.267305388,1.676594148,6.458912331,2,"2018","Neighborhood (NTA)","Queens","8119","Daytime Summer Surface Temperature",97.6,NA,NA,0.00301582537981364,15,"0"
"QN20",76103,"Ridgewood",18.3985668396343,"Ridgewood","Queens",2420.157785,15.01,2.13,0.17,0.8333,27564.83959,12.92570357,8.743461431,22.80623169,15.9935761,58.85217731,8.152972679,49.82379071,2.296054343,1.494027497,1.489553203,2.274980635,7.554615679,1,"2018","Neighborhood (NTA)","Queens","8120","Daytime Summer Surface Temperature",96.42,NA,NA,0.00760221790234817,45,"0"
"QN21",41442,"Middle Village",53.9817148505065,"Middle Village","Queens",2599.062644,19.87,1.78,0.1,0.7366,36677.69526,8.11046618,17.93677012,19.56380364,8.426477062,32.8911265,4.908054903,18.87195499,1.638213906,1.74803567,1.14290027,1.61903148,6.148181326,1,"2018","Neighborhood (NTA)","Queens","8121","Daytime Summer Surface Temperature",98.46,NA,NA,0.0207696859385535,108,"0"
"QN22",68600,"Flushing",42.8796639486039,"Flushing","Queens",2070.846002,16.55,1.75,0.12,0.6947,22195.64877,24.52668936,18.69732978,15.75817371,42.70804483,92.29112918,14.97293183,60.20587733,2.737747107,1.394906873,1.839242746,3.049760388,9.021657114,3,"2018","Neighborhood (NTA)","Queens","8122","Daytime Summer Surface Temperature",99.82,NA,NA,0.0207063508861553,107,"0"
"QN23",24750,"College Point",51.9189523103533,"College Point","Queens",1678.68532,14.22,2.09,0.17,0.6907,24805.9243,12.77809639,14.39851583,22.46423876,21.74239968,74.42149224,7.621520468,21.02191974,2.364324707,1.53995954,1.637456689,2.039540097,7.581281032,2,"2018","Neighborhood (NTA)","Queens","8123","Daytime Summer Surface Temperature",99.75,NA,NA,0.0309283411797235,125,"0"
"QN25",57146,"Corona",10.3157894736842,"Corona","Queens",1277.020116,17.05,1.32,0.08,0.6253,18531.49116,20.59144586,10.43037198,26.03498923,27.58830387,93.46582276,26.06327738,57.59796061,2.820047314,2.376222018,1.794502574,2.742559417,9.733331324,4,"2018","Neighborhood (NTA)","Queens","8125","Daytime Summer Surface Temperature",100.71,NA,NA,0.00807801642623789,47,"0"
"QN26",54859,"North Corona",19.0803063998023,"North Corona","Queens",1058.245309,15.99,1.5,0.1,0.7317,16673.4988,19.71708344,6.695331142,28.15873749,43.18190817,98.83107893,35.9892439,59.39441695,3.048530181,2.053010558,1.945431954,2.720320881,9.767293575,4,"2018","Neighborhood (NTA)","Queens","8126","Daytime Summer Surface Temperature",100.28,NA,NA,0.0180301355815434,98,"0"
"QN27",18752,"East Elmhurst",24.5196441808747,"East Elmhurst","Queens",1083.988137,14.83,-0.02,0,0.6891,20548.86635,17.75192016,14.27649318,22.87792825,18.66556847,94.73137443,16.94880243,43.34023749,2.933196625,1.910598095,1.757347408,2.591487671,9.192629798,4,"2018","Neighborhood (NTA)","Queens","8127","Daytime Summer Surface Temperature",101.22,NA,NA,0.022619845498249,116,"0"
"QN28",98046,"Jackson Heights",25.6221892760069,"Jackson Heights","Queens",2098.678008,17.09,1.41,0.09,0.8301,28309.08939,12.64086784,15.64339701,18.79111701,24.08667653,83.41190442,13.18296228,47.43326918,2.332499226,1.711168398,1.702796414,2.736486924,8.482950962,2,"2018","Neighborhood (NTA)","Queens","8128","Daytime Summer Surface Temperature",99.04,NA,NA,0.0122087281509298,70,"1"
"QN29",82536,"Elmhurst",16.3632320237213,"Elmhurst","Queens",1821.179066,15.27,1.77,0.13,0.6539,22300.28158,15.44473056,13.33090587,20.09606704,26.8964744,94.03339531,20.87756805,60.37036761,2.626189268,1.617179069,1.81679018,2.950362669,9.010521187,3,"2018","Neighborhood (NTA)","Queens","8129","Daytime Summer Surface Temperature",100.85,NA,NA,0.00898496601965733,52,"1"
"QN30",33329,"Maspeth",11.5324932048431,"Maspeth","Queens",1951.771882,13.19,1.49,0.13,0.641,32669.4498,9.276114858,12.72968396,22.95387675,11.26826813,46.88603437,8.31030175,24.63839461,1.926893278,1.828124093,1.353200056,2.03842882,7.146646248,2,"2018","Neighborhood (NTA)","Queens","8130","Daytime Summer Surface Temperature",99.72,NA,NA,0.00590873006789381,31,"0"
"QN31",69649,"Hunters Point-Sunnyside-West Maspeth",21.3021991598715,"Hunters Point-Sunnyside-West Maspeth","Queens",3429.815533,9.11,1.37,0.18,0.5789,45493.15246,10.52966015,9.861564326,15.74477379,16.43065589,61.54708421,9.515559564,57.99262573,1.678731047,0.753403642,1.453429991,2.674225032,6.559789712,3,"2018","Neighborhood (NTA)","Queens","8131","Daytime Summer Surface Temperature",99.11,NA,NA,0.00621088771536318,33,"0"
"QN33",21032,"Cambria Heights",39.0261922411663,"Cambria Heights","Queens",1358.336495,18.71,0.7,0.04,0.639,35971.41133,3.830579526,19.65433583,17.36993446,1.871221766,99.05751874,2.811849861,12.57443297,1.421573518,1.871148116,1.307949253,1.097341642,5.698012529,4,"2018","Neighborhood (NTA)","Queens","8133","Daytime Summer Surface Temperature",102.43,NA,NA,0.0287308721990616,122,"0"
"QN34",54518,"Queens Village",43.1452928094885,"Queens Village","Queens",2644.92347,20.98,0.63,0.03,0.6105,27670.30542,8.378350781,14.88056252,19.31145864,6.925267252,94.37721358,6.283443306,17.16811228,2.318895615,1.648331479,1.542735915,1.950403437,7.460366446,4,"2018","Neighborhood (NTA)","Queens","8134","Daytime Summer Surface Temperature",102.67,NA,NA,0.0163124919487703,87,"0"
"QN35",43761,"Briarwood-Jamaica Hills",29.704966641957,"Briarwood-Jamaica Hills","Queens",1666.077752,22.44,0.93,0.04,0.7113,29067.77486,15.69949627,13.67244457,19.39369077,17.08252369,84.32322201,15.8558124,32.33026957,2.572879193,1.447853772,1.651773102,2.634405281,8.306911349,3,"2018","Neighborhood (NTA)","Queens","8135","Daytime Summer Surface Temperature",101.07,NA,NA,0.0178292799398458,96,"0"
"QN37",37538,"Kew Gardens Hills",10.5265628860885,"Kew Gardens Hills","Queens",1903.328147,22.45,0.17,0.01,0.8618,30029.89424,11.8609089,15.18303799,24.00658259,10.98587165,48.53774745,8.508782993,24.44786079,2.015557567,1.772059621,1.345283996,2.807354952,7.940256136,2,"2018","Neighborhood (NTA)","Queens","8137","Daytime Summer Surface Temperature",100.33,NA,NA,0.00553060853047347,29,"0"
"QN38",35946,"Pomonok-Flushing Heights-Hillcrest",17.5759822090437,"Pomonok-Flushing Heights-Hillcrest","Queens",1890.737942,24.33,0.73,0.03,0.8107,26703.18567,18.62283164,13.1714023,21.12646383,13.70857066,69.71412035,6.531399594,27.56963354,2.636748078,1.84180036,1.520672214,2.336306245,8.335526897,3,"2018","Neighborhood (NTA)","Queens","8138","Daytime Summer Surface Temperature",101.05,NA,NA,0.0092958319704803,53,"0"
"QN41",19500,"Fresh Meadows-Utopia",30.0765999505807,"Fresh Meadows-Utopia","Queens",1422.016616,32.34,1.18,0.04,0.6098,34605.87914,10.93456869,16.87591315,18.65704583,13.63785764,70.45177817,8.48277448,13.61455158,1.990598615,1.392328515,1.5287721,2.003874876,6.915574106,1,"2018","Neighborhood (NTA)","Queens","8141","Daytime Summer Surface Temperature",99.89,NA,NA,0.0211506670260882,111,"0"
"QN42",29840,"Oakland Gardens",115.073140597974,"Oakland Gardens","Queens",2419.080744,42.4,2.26,0.06,0.8268,38628.91302,9.070243436,17.98307824,21.06151867,15.09657936,62.26037736,4.324660245,10.8156452,1.593863445,1.828990932,1.487322592,1.76394305,6.674120019,1,"2018","Neighborhood (NTA)","Queens","8142","Daytime Summer Surface Temperature",97.96,NA,NA,0.0475689539852638,148,"0"
"QN43",27643,"Bellerose",159.755374351371,"Bellerose","Queens",2133.375717,29.07,2.15,0.08,0.8345,31999.91094,9.340038943,15.11136552,21.21622616,7.262535607,74.52212166,5.755857643,11.46090217,1.78514482,1.51002082,1.414442956,1.833790798,6.543399394,2,"2018","Neighborhood (NTA)","Queens","8143","Daytime Summer Surface Temperature",100.56,NA,NA,0.0748838439841356,168,"0"
"QN44",24631,"Glen Oaks-Floral Park-New Hyde Park",26.9073387694589,"Glen Oaks-Floral Park-New Hyde Park","Queens",1610.157816,26.07,1.31,0.05,0.9045,39880.90334,6.636080443,25.95717628,15.65994254,6.077910938,59.76439975,3.33374923,9.520369382,1.392829633,1.818362463,1.244667289,1.87999505,6.335854435,1,"2018","Neighborhood (NTA)","Queens","8144","Daytime Summer Surface Temperature",99.97,NA,NA,0.0167109947249164,89,"0"
"QN45",25400,"Douglas Manor-Douglaston-Little Neck",224.30985915493,"Douglas Manor-Douglaston-Little Neck","Queens",2268.034979,35.38,1.83,0.05,0.7915,44015.38006,5.876600476,24.62932158,17.0530254,11.15383685,53.99902079,3.025221394,9.75677447,1.164401861,1.747044482,1.386145281,2.073275547,6.370867171,1,"2018","Neighborhood (NTA)","Queens","8145","Daytime Summer Surface Temperature",96.97,NA,NA,0.0989005289741299,174,"0"
"QN46",42718,"Bayside-Bayside Hills",112.616011860638,"Bayside-Bayside Hills","Queens",3009.559516,27.45,1.38,0.05,0.7539,38854.57683,8.27680274,20.16690965,17.7567111,15.10392715,60.26465102,3.695716468,10.51473665,1.511886117,1.718880846,1.488101613,1.930844657,6.649713232,2,"2018","Neighborhood (NTA)","Queens","8146","Daytime Summer Surface Temperature",100.16,NA,NA,0.0374194333961254,136,"0"
"QN47",21990,"Ft. Totten-Bay Terrace-Clearview",308.908080059303,"Ft. Totten-Bay Terrace-Clearview","Queens",1669.420414,24.12,1.47,0.07,0.7556,46035.1848,7.284845815,25.61385903,17.09151101,10.00893392,42.76794273,1.822819383,14.89346256,1.187670357,1.866710185,1.315488515,1.652002872,6.02187193,1,"2018","Neighborhood (NTA)","Queens","8147","Daytime Summer Surface Temperature",97.98,NA,NA,0.185039117449838,185,"0"
"QN48",20240,"Auburndale",27.4220410180381,"Auburndale","Queens",1843.507038,25.02,1.19,0.05,0.8183,32726.28521,7.429492908,19.33342238,17.35792695,20.39821741,67.21661162,3.194948514,13.7565135,1.800282072,1.381600146,1.59061735,1.459446197,6.231945765,2,"2018","Neighborhood (NTA)","Queens","8148","Daytime Summer Surface Temperature",101.44,NA,NA,0.0148749315585949,82,"0"
"QN49",31749,"Whitestone",89.2898443291327,"Whitestone","Queens",2409.211273,19.66,1.29,0.07,0.7781,38182.4734,5.766635388,21.83928247,19.82946107,11.31584874,39.27610647,2.530743486,10.01208283,1.617133874,1.98991151,1.296104391,1.442828463,6.34597824,1,"2018","Neighborhood (NTA)","Queens","8149","Daytime Summer Surface Temperature",99.88,NA,NA,0.0370618572683113,135,"0"
"QN50",23789,"Elmhurst-Maspeth",1.74573758339511,"Elmhurst-Maspeth","Queens",1510.956947,15.33,1.59,0.12,0.5946,26316.68606,12.92417265,14.25179913,18.65857473,25.52731287,87.13804159,15.43484773,39.42950813,2.23719648,1.391452645,1.747746076,2.457640612,7.834035813,3,"2018","Neighborhood (NTA)","Queens","8150","Daytime Summer Surface Temperature",99.94,NA,NA,0.00115538539126562,2,"0"
"QN51",50102,"Murray Hill",22.4820854954287,"Murray Hill","Queens",2304.41212,21.71,-0.02,0,0.8078,26618.99749,15.41061098,19.5667755,16.49267584,32.61374848,76.27247716,9.695518704,38.39723876,2.316069513,1.581379091,1.683753061,2.68146959,8.262671255,2,"2018","Neighborhood (NTA)","Queens","8151","Daytime Summer Surface Temperature",100.1,NA,NA,0.00975610451807063,61,"0"
"QN52",25274,"East Flushing",3.48233259204349,"East Flushing","Queens",1539.421668,24.42,0.65,0.03,0.7047,23670.96028,16.81642326,18.41858862,15.82800171,34.59811894,84.97577209,9.441951941,28.52880788,2.516259544,1.351757441,1.757449862,2.272458702,7.897925548,2,"2018","Neighborhood (NTA)","Queens","8152","Daytime Summer Surface Temperature",101.42,NA,NA,0.00226210444118777,6,"0"
"QN53",60377,"Woodhaven",5.91228070175439,"Woodhaven","Queens",1763.46881,24.99,1.15,0.05,0.6563,25241.19395,12.22299908,11.76415506,22.50174503,15.87787096,84.53636499,8.892973651,30.46535198,2.601556463,1.863260232,1.638372702,1.94769104,8.050880438,3,"2018","Neighborhood (NTA)","Queens","8153","Daytime Summer Surface Temperature",100.41,NA,NA,0.00335264262584513,16,"0"
"QN54",65274,"Richmond Hill",7.90536199654065,"Richmond Hill","Queens",2250.561142,19.74,0.73,0.04,0.6497,23335.72556,15.21776603,10.95906897,21.91561443,13.60641175,89.51358271,11.3371058,31.5162092,2.806249347,1.700077282,1.651455583,2.118661754,8.276443966,4,"2018","Neighborhood (NTA)","Queens","8154","Daytime Summer Surface Temperature",102.34,NA,NA,0.0035126181861984,19,"0"
"QN55",80664,"South Ozone Park",20.782307882382,"South Ozone Park","Queens",3080.618522,14.89,0.66,0.05,0.6491,25293.97368,12.21102965,12.18270611,20.356629,5.881227768,94.79388166,9.575813628,23.38454619,2.750719853,1.810938549,1.516904131,1.925058681,8.003621214,4,"2018","Neighborhood (NTA)","Queens","8155","Daytime Summer Surface Temperature",102.45,NA,NA,0.00674614780569771,40,"0"
"QN56",23966,"Ozone Park",20.6637015072893,"Ozone Park","Queens",1424.362928,15.68,1.42,0.1,0.717,27004.2002,14.25314349,11.21126025,22.92119049,11.59851903,78.47011546,8.405299661,18.78256293,2.629084901,1.869818588,1.543722928,1.820538195,7.863164612,3,"2018","Neighborhood (NTA)","Queens","8156","Daytime Summer Surface Temperature",101.32,NA,NA,0.0145073289265567,79,"0"
"QN57",28313,"Lindenwood-Howard Beach",101.641462811959,"Lindenwood-Howard Beach","Queens",2339.956528,14.25,1.86,0.15,0.67,37838.79048,11.60038331,21.95159999,20.00850816,3.561196482,32.14247921,2.959666655,15.1436531,1.901164947,2.268972302,0.964534303,1.891740713,7.026412266,1,"2018","Neighborhood (NTA)","Queens","8157","Daytime Summer Surface Temperature",96.85,NA,NA,0.0434373295382689,141,"0"
"QN60",22376,"Kew Gardens",24.5342228811465,"Kew Gardens","Queens",1218.370259,32.16,0.4,0.01,0.7385,39391.90292,11.64558836,15.97334887,19.83811189,10.99191056,54.05665631,10.07327117,40.71666235,1.454126845,1.71607416,1.401901476,2.700500004,7.272602486,2,"2018","Neighborhood (NTA)","Queens","8160","Daytime Summer Surface Temperature",98.05,NA,NA,0.0201369187239382,104,"0"
"QN61",54754,"Jamaica",18.9503335804299,"Jamaica","Queens",2436.269637,15.23,0.88,0.06,0.6774,20110.47215,17.64628236,11.87350367,23.13981681,19.54162093,96.68721724,21.00082511,48.89715753,3.083322493,1.95825201,1.788518247,3.10830025,9.938393,5,"2018","Neighborhood (NTA)","Queens","8161","Daytime Summer Surface Temperature",102.55,NA,NA,0.00777842209771379,46,"0"
"QN62",20166,"Queensboro Hill",71.1003212255992,"Queensboro Hill","Queens",1609.917553,23.48,1.27,0.06,0.7212,23566.82713,15.4441265,14.43897084,20.43233016,33.88922986,87.67204598,14.60275791,23.42471755,2.69152007,1.535705985,1.779505827,1.937054744,7.943786625,2,"2018","Neighborhood (NTA)","Queens","8162","Daytime Summer Surface Temperature",99.95,NA,NA,0.0441639518080335,143,"0"
"QN63",41942,"Woodside",15.3454410674574,"Woodside","Queens",1581.497375,16.87,1.49,0.1,0.6684,27763.89551,10.33028216,15.7331653,17.30694327,22.98325312,77.39294724,16.02654593,47.16536575,2.158864529,1.26396071,1.660823702,2.686381533,7.770030474,3,"2018","Neighborhood (NTA)","Queens","8163","Daytime Summer Surface Temperature",100.22,NA,NA,0.00970310878161108,59,"0"
"QN66",25941,"Laurelton",5.44724487274524,"Laurelton","Queens",1840.596114,20.03,0.96,0.05,0.6604,34460.18912,6.974706148,17.53818942,20.02587025,1.733453888,98.77848855,3.724860609,16.71952607,1.586856273,1.9014423,1.307911095,1.314541603,6.11075127,4,"2018","Neighborhood (NTA)","Queens","8166","Daytime Summer Surface Temperature",102.12,NA,NA,0.00295950036583922,12,"0"
"QN68",18938,"Queensbridge-Ravenswood-Long Island City",40.3755868544601,"Queensbridge-Ravenswood-Long Island City","Queens",1163.769449,13.06,1.99,0.18,0.5532,23121.22847,30.50546599,11.37575411,21.3951477,14.92243603,84.53141772,9.324256293,73.78798107,3.154721287,2.059892516,1.644379925,2.993965581,9.852959309,4,"2018","Neighborhood (NTA)","Queens","8168","Daytime Summer Surface Temperature",100,NA,NA,0.0346938020147839,134,"0"
"QN70",74094,"Astoria",3.63627378304917,"Astoria","Queens",1888.898479,13.72,2.02,0.17,0.7488,38799.73924,12.42630439,13.01381492,12.42081132,10.17079326,49.72183584,6.167046959,63.32667353,1.967644096,1.071178476,1.350852212,2.560867613,6.950542396,2,"2018","Neighborhood (NTA)","Queens","8170","Daytime Summer Surface Temperature",97.6,NA,NA,0.00192507634659871,3,"0"
"QN71",23694,"Old Astoria",10.7059550284161,"Old Astoria","Queens",790.9263659,16.52,2.79,0.2,0.6404,38460.42306,18.66152758,12.62043102,15.66002345,9.629532589,60.61971131,7.37375465,62.84947437,2.167672356,1.327003813,1.405751379,2.653252697,7.553680244,3,"2018","Neighborhood (NTA)","Queens","8171","Daytime Summer Surface Temperature",97.62,NA,NA,0.0135359693265931,77,"0"
"QN72",47234,"Steinway",20.5243390165555,"Steinway","Queens",1892.105005,15.06,1.3,0.09,0.7901,40449.93098,9.849544936,13.97122007,14.47804084,8.216780346,37.15179434,6.227940292,45.14956359,1.638329551,1.118062023,1.218693739,2.167091029,6.142176343,2,"2018","Neighborhood (NTA)","Queens","8172","Daytime Summer Surface Temperature",97.78,NA,NA,0.0108473572884796,66,"0"
"QN76",37849,"Baisley Park",91.0726464047443,"Baisley Park","Queens",2044.177019,20.98,2.19,0.12,0.7057,26250.38992,12.29718389,11.72832691,22.50584139,3.483940005,98.97500957,7.852008775,24.65982705,2.588931536,2.076650338,1.469523587,1.750656539,7.885762,4,"2018","Neighborhood (NTA)","Queens","8176","Daytime Summer Surface Temperature",101.71,NA,NA,0.0445522308284712,144,"0"
"QN98",0,"Airport",27.9332839140104,NA,NA,NA,NA,NA,NA,NA,NA,NA,NA,NA,NA,NA,NA,NA,NA,NA,NA,NA,NA,NA,NA,NA,NA,NA,NA,NA,NA,NA,NA,193,NA
"QN99",67,"park-cemetery-etc-Queens",2843.32740301458,NA,NA,NA,NA,NA,NA,NA,NA,NA,NA,NA,NA,NA,NA,NA,NA,NA,NA,NA,NA,NA,NA,NA,NA,NA,NA,NA,NA,NA,NA,194,NA
"SI01",29801,"Annadale-Huguenot-Prince's Bay-Eltingville",639.76772918211,"Annadale-Huguenot-Prince's Bay-Eltingville","Staten Island",4654.950518,41.07,2.69,0.07,0.8072,44696.87855,6.290409304,18.45264357,20.18231295,2.22923799,13.15250897,2.000935257,6.411171314,1.071954642,1.777992621,0.647697322,1.486965019,4.984609605,1,"2018","Neighborhood (NTA)","Staten Island","8501","Daytime Summer Surface Temperature",95.92,NA,NA,0.137438137464238,181,"0"
"SI05",42160,"New Springville-Bloomfield-Travis",1907.78675562145,"New Springville-Bloomfield-Travis","Staten Island",9749.724936,24.79,3.13,0.14,0.7074,34074.32864,9.802654044,17.24991654,23.26355637,4.57808327,41.13831791,5.647298264,12.93266883,1.720705987,1.954832502,1.138685392,2.066225415,6.881360071,1,"2018","Neighborhood (NTA)","Staten Island","8505","Daytime Summer Surface Temperature",96.72,NA,NA,0.195675956823881,186,"0"
"SI07",24516,"Westerleigh",206.174697306647,"Westerleigh","Staten Island",2778.042036,29.98,1.14,0.04,0.6305,40819.20646,9.213458587,16.10002074,20.26776575,4.146949525,28.89493592,2.514785782,11.9064369,1.412683879,1.584505964,0.926059682,1.576496114,5.499745639,1,"2018","Neighborhood (NTA)","Staten Island","8507","Daytime Summer Surface Temperature",99.23,NA,NA,0.0742158306587435,167,"0"
"SI08",21480,"Grymes Hill-Clifton-Fox Hills",24.7111440573264,"Grymes Hill-Clifton-Fox Hills","Staten Island",1998.936977,32.05,2.53,0.09,0.6322,28417.81946,20.32491823,11.67566223,22.4625144,6.554825632,72.59985258,4.467204128,29.00342747,2.506418492,2.155150191,1.371498125,2.741371654,8.774438462,2,"2018","Neighborhood (NTA)","Staten Island","8508","Daytime Summer Surface Temperature",95.49,NA,NA,0.0123621426496461,74,"0"
"SI11",23834,"Charleston-Richmond Valley-Tottenville",325.27674820855,"Charleston-Richmond Valley-Tottenville","Staten Island",4216.54264,41.81,2.27,0.06,0.788,39765.48218,6.048148301,11.452276,25.06034604,1.803040165,14.51828218,3.075101957,6.937746653,1.190254509,1.540135469,0.631163753,1.641683695,5.003237425,1,"2018","Neighborhood (NTA)","Staten Island","8511","Daytime Summer Surface Temperature",93.95,NA,NA,0.0771429998413462,169,"0"
"SI12",32780,"Mariner's Harbor-Arlington-Port Ivory-Graniteville",195.19866567828,"Mariner's Harbor-Arlington-Port Ivory-Graniteville","Staten Island",2880.497142,21.17,2.68,0.15,0.6434,25020.20422,22.36654026,9.924649763,26.20259191,6.288532297,78.41652929,9.586880622,22.51297208,2.483436829,1.881362917,1.412497935,2.273686066,8.050983747,3,"2018","Neighborhood (NTA)","Staten Island","8512","Daytime Summer Surface Temperature",100.16,NA,NA,0.0677656168555505,159,"0"
"SI14",16417,"Grasmere-Arrochar-Ft. Wadsworth",38.0575735112429,"Grasmere-Arrochar-Ft. Wadsworth","Staten Island",1810.081157,24.69,1.56,0.07,0.5741,33570.90253,14.76747483,14.83045053,23.73559416,8.855149767,37.175356,6.625834766,20.07150749,2.150451835,2.193928873,1.232761073,2.656687571,8.233829352,1,"2018","Neighborhood (NTA)","Staten Island","8514","Daytime Summer Surface Temperature",95.38,NA,NA,0.021025340971075,110,"0"
"SI22",31284,"West New Brighton-New Brighton-St. George",138.08277736595,"West New Brighton-New Brighton-St. George","Staten Island",2234.454754,30.9,1.51,0.05,0.5959,26734.81586,26.64394505,13.11947656,25.0125171,6.255256123,75.73695449,6.74907062,38.93760724,2.584622392,2.326033486,1.39192021,2.657271873,8.959847961,3,"2018","Neighborhood (NTA)","Staten Island","8522","Daytime Summer Surface Temperature",96.67,NA,NA,0.0617970791839762,156,"0"
"SI24",32077,"Todt Hill-Emerson Hill-Heartland Village-Lighthouse Hill",1514.49518161601,"Todt Hill-Emerson Hill-Heartland Village-Lighthouse Hill","Staten Island",6628.509097,41.08,2.27,0.06,0.4754,43088.65791,8.498055521,19.52233832,20.74659948,5.789387288,28.82960307,4.685031532,10.94520527,1.420515976,1.859836877,1.074738157,1.731190052,6.086281062,1,"2018","Neighborhood (NTA)","Staten Island","8524","Daytime Summer Surface Temperature",97.64,NA,NA,0.228482025060727,187,"0"
"SI25",20485,"Oakwood-Oakwood Beach",192.686928589078,"Oakwood-Oakwood Beach","Staten Island",2405.224801,27.21,1.92,0.08,0.7478,37367.88946,9.000253547,20.16668292,19.4209664,3.776839436,23.25338144,2.010488078,15.78365108,1.581475123,1.922079902,0.929514657,1.601927632,6.034997313,1,"2018","Neighborhood (NTA)","Staten Island","8525","Daytime Summer Surface Temperature",95.98,NA,NA,0.0801118167869243,170,"0"
"SI28",19293,"Port Richmond",22.0256980479367,"Port Richmond","Staten Island",1782.015551,20.73,1.79,0.09,0.6626,28360.18603,15.0688923,11.40005116,21.63877718,7.03321054,63.05077513,4.782885649,21.05083141,1.922291911,1.653313523,1.31623582,1.859597288,6.751438542,4,"2018","Neighborhood (NTA)","Staten Island","8528","Daytime Summer Surface Temperature",101.62,NA,NA,0.0123599920525816,73,"0"
"SI32",21870,"Rossville-Woodrow",341.949098097356,"Rossville-Woodrow","Staten Island",2552.498945,35.58,2.41,0.07,0.8948,39433.24823,10.85696716,17.87754201,21.57988016,0.945132225,13.86531513,0.820182908,4.879042213,1.274735032,1.88974392,0.537185417,1.231122931,4.9327873,1,"2018","Neighborhood (NTA)","Staten Island","8532","Daytime Summer Surface Temperature",96.94,NA,NA,0.133966401344529,180,"0"
"SI35",17349,"New Brighton-Silver Lake",243.598962194218,"New Brighton-Silver Lake","Staten Island",2097.478773,36.4,1.58,0.05,0.656,37969.18538,16.93937445,16.95504239,21.82772289,4.115083309,39.22931307,4.541911722,21.51387898,1.847551254,1.974925735,1.015513844,2.231017398,7.069008232,1,"2018","Neighborhood (NTA)","Staten Island","8535","Daytime Summer Surface Temperature",96.56,NA,NA,0.116138940393566,177,"0"
"SI36",26447,"Old Town-Dongan Hills-South Beach",275.744255003706,"Old Town-Dongan Hills-South Beach","Staten Island",2454.774398,21.58,2.33,0.12,0.6717,30231.21762,12.65609555,15.63824696,19.95020626,6.839130947,32.96659333,4.280839194,15.68773818,2.010555337,1.761162645,1.159427812,2.372663207,7.303809001,1,"2018","Neighborhood (NTA)","Staten Island","8536","Daytime Summer Surface Temperature",97.11,NA,NA,0.112329774674351,176,"0"
"SI37",25281,"Stapleton-Rosebank",34.5875957499382,"Stapleton-Rosebank","Staten Island",2089.56397,26.72,1.88,0.08,0.6473,26437.88563,24.26858011,13.89728173,21.94212727,10.05429439,62.66620507,8.559872963,32.88569456,2.596502856,2.141611895,1.420495558,2.505250436,8.663860745,2,"2018","Neighborhood (NTA)","Staten Island","8537","Daytime Summer Surface Temperature",96.37,NA,NA,0.0165525421793802,88,"0"
"SI45",21208,"New Dorp-Midland Beach",100.939214232765,"New Dorp-Midland Beach","Staten Island",2114.787601,22.11,0.5,0.02,0.7318,37229.0076,10.70490135,15.29611618,19.43341136,5.367032915,26.0660536,3.806157741,15.05806143,1.61766496,1.716944466,1.012316233,1.586636636,5.933562294,1,"2018","Neighborhood (NTA)","Staten Island","8545","Daytime Summer Surface Temperature",99.11,NA,NA,0.0477301901075242,149,"0"
"SI48",26887,"Arden Heights",148.706202125031,"Arden Heights","Staten Island",2179.719908,37.12,3.6,0.11,0.8934,37040.05945,5.944992958,14.78700986,22.74883997,2.162208139,22.50362093,1.962760359,4.708527907,1.244658691,1.853014873,0.798781932,0.879033897,4.775489393,1,"2018","Neighborhood (NTA)","Staten Island","8548","Daytime Summer Surface Temperature",97.74,NA,NA,0.0682226196032114,161,"0"
"SI54",41724,"Great Kills",67.0985915492958,"Great Kills","Staten Island",3211.067612,26.81,2.22,0.09,0.8113,38622.24916,6.762485227,17.70972912,20.02921099,2.555386943,16.47047936,2.198255567,8.076220867,1.375373238,1.823994426,0.746520392,1.362122895,5.308010951,1,"2018","Neighborhood (NTA)","Staten Island","8554","Daytime Summer Surface Temperature",98.55,NA,NA,0.0208960382206041,109,"0"
"SI99",0,"park-cemetery-etc-Staten Island",43.6115641215715,NA,NA,NA,NA,NA,NA,NA,NA,NA,NA,NA,NA,NA,NA,NA,NA,NA,NA,NA,NA,NA,NA,NA,NA,NA,NA,NA,NA,NA,NA,195,NA
