"ntacode","ntaname","unit_area_acres","canopy_loss_acres","canopy_gain_acres","canopy_unchanged_acres","canopy2010_acres","canopy2017_acres","netcanopychange_acres","canopy2010percent","canopy2017percent","netcanopychange_percent","relativecanopychange_percent","treecount2015_all","treecount2015_notstump","treecount2015_alive","spc_mostcommon_living","roadmiles","livingtree_x_mile2015","med_dbh_living","cnt_dbh_lt6_living","pct_lt6_dbh_living","cnt_dbh_gt30_living","pct_gt30_dbh_living","max_capacity","stockingrate_2015_living","treeecount1995_notps_notstump","treecount1995_living","treecount2005_all","treecount2005_living"
"BK09","Brooklyn Heights-Cobble Hill",229.1938843,6.503214568,14.33127707,41.34803878,47.85125335,55.67931586,7.828062504,20.87806727,24.29354344,3.415476171,16.35915876,1734,1705,1685,"London planetree",12.7,132.71,11,283,16.795,4,0.237,1970,0.8553,1485,1457,2079,2051
"BK17","Sheepshead Bay-Gerritsen Beach-Manhattan Beach",1454.1234,80.20545383,58.36484338,192.6704977,272.8759515,251.0353411,-21.84061045,18.76566676,17.26368898,-1.501977786,-8.003860483,5252,4978,4891,"London planetree",66.47,73.58,14,1226,25.066,248,5.071,8905,0.5492,4973,4852,5275,5243
"BK19","Brighton Beach",394.3991554,21.24056608,14.02663083,33.46284415,54.70341023,47.48947498,-7.213935246,13.87006272,12.04096772,-1.829095004,-13.18735928,1248,1185,1141,"London planetree",19.55,58.35,10,365,31.989,76,6.661,2292,0.4978,1207,1174,1055,1047
"BK21","Seagate-Coney Island",890.3131444,41.02911987,25.92527868,45.81399091,86.84311078,71.73926959,-15.1038412,9.754220897,8.057756985,-1.696463912,-17.3921006,1495,1450,1357,"honeylocust",19.76,68.68,5,748,55.122,6,0.442,2413,0.5624,421,394,1398,1389
"BK23","West Brighton",200.6176228,13.7241907,6.42550535,24.06015912,37.78434982,30.48566447,-7.298685349,18.83401333,15.19590554,-3.638107783,-19.31668901,486,467,459,"London planetree",6.98,65.73,11,166,36.166,13,2.832,721,0.6366,273,267,366,365
"BK25","Homecrest",688.5208386,21.61384667,32.46053887,80.08227388,101.6961206,112.5428128,10.8466922,14.77023132,16.34559282,1.575361499,10.66578759,4240,4152,4072,"London planetree",31.56,129.03,11,1161,28.512,276,6.778,5105,0.7976,2529,2467,3165,3123
"BK26","Gravesend",719.509887,17.19428955,31.92116679,77.18392812,94.37821766,109.1050949,14.72687724,13.1170147,15.1638076,2.046792894,15.60410612,1411,1360,1323,"London planetree",24.18,54.71,15,272,20.559,48,3.628,2703,0.4895,942,930,1117,1108
"BK27","Bath Beach",471.4188771,8.618914286,20.90668614,43.17469491,51.7936092,64.08138105,12.28777185,10.98674909,13.59329975,2.60655066,23.72449428,1745,1696,1671,"London planetree",19.11,87.43,11,422,25.254,53,3.172,2589,0.6454,1472,1441,1276,1272
"BK28","Bensonhurst West",1071.40886,19.98733307,39.35477611,83.15318449,103.1405176,122.5079606,19.36744304,9.626625414,11.43428669,1.807661274,18.77772528,4247,4166,4091,"London planetree",46.29,88.37,12,1049,25.642,270,6.6,6383,0.6409,3077,3020,3751,3723
"BK29","Bensonhurst East",821.3468395,17.07854322,29.4195989,65.90518238,82.9837256,95.32478128,12.34105568,10.10337188,11.60591077,1.502538889,14.87165777,3356,3274,3244,"London planetree",37.37,86.8,12,909,28.021,157,4.84,4866,0.6667,1832,1785,2637,2615
"BK30","Dyker Heights",686.8384712,16.03345037,29.00807174,74.46541793,90.49886831,103.4734897,12.97462136,13.17615016,15.06518549,1.889035327,14.33677747,3246,3149,3086,"London planetree",31.19,98.94,13,672,21.776,203,6.578,4283,0.7205,2968,2912,3608,3568
"BK31","Bay Ridge",1542.085058,38.84429934,85.44525203,246.8299713,285.6742706,332.2752233,46.60095269,18.52519543,21.5471398,3.021944377,16.31261807,6902,6711,6606,"London planetree",50.81,130.01,12,1516,22.949,595,9.007,8143,0.8112,5484,5384,6386,6338
"BK32","Sunset Park West",1147.610532,16.25145886,32.11386378,57.64740376,73.89886262,89.76126755,15.86240492,6.439367764,7.82157928,1.382211516,21.46501903,3256,3188,3114,"London planetree",45.21,68.88,5,1655,53.147,25,0.803,4566,0.682,1372,1332,1635,1609
"BK33","Carroll Gardens-Columbia Street-Red Hook",1023.910058,27.37091021,41.57848145,103.2098433,130.5807536,144.7883248,14.20757124,12.75314687,14.14072688,1.387580006,10.88029503,4319,4237,4136,"London planetree",44.61,92.71,9,1374,33.221,25,0.604,5374,0.7696,2249,2221,3445,3411
"BK34","Sunset Park East",622.3634074,13.57088129,26.72755542,65.80272907,79.37361036,92.53028449,13.15667413,12.75357925,14.86756506,2.113985812,16.57562768,3204,3121,3020,"London planetree",25.64,117.77,8,1265,41.887,97,3.212,3770,0.8011,1468,1415,2140,2104
"BK35","Stuyvesant Heights",721.0040272,25.64541863,50.55937302,117.7694714,143.4148901,168.3288445,24.91395439,19.89099709,23.34644997,3.455452876,17.371944,3879,3833,3773,"London planetree",35.24,107.06,10,1193,31.619,60,1.59,4697,0.8033,1855,1779,2702,2665
"BK37","Park Slope-Gowanus",975.8736487,32.51310612,52.96415669,140.8276978,173.340804,193.7918545,20.45105057,17.76262779,19.85829362,2.095665827,11.79817452,6107,5969,5895,"London planetree",45.54,129.45,11,1538,26.09,75,1.272,6843,0.8615,4433,4364,5818,5781
"BK38","DUMBO-Vinegar Hill-Downtown Brooklyn-Boerum Hill",653.7610766,12.89259485,33.48467262,92.34933084,105.2419257,125.8340035,20.59207777,16.09791856,19.24770501,3.149786444,19.56642054,2989,2937,2881,"London planetree",35.09,82.09,8,902,31.309,13,0.451,4146,0.6949,1947,1901,3094,3070
"BK40","Windsor Terrace",322.3537166,9.293316272,22.10151725,54.33985597,63.63317224,76.44137322,12.80820098,19.74017018,23.71350764,3.973337461,20.1281824,2083,2043,2030,"London planetree",15.21,133.49,11,515,25.369,61,3.005,2385,0.8512,1334,1322,1819,1813
"BK41","Kensington-Ocean Parkway",364.8600753,11.21002916,21.20729936,47.94487812,59.15490728,69.15217748,9.997270203,16.21303927,18.95306781,2.740028543,16.90015362,2259,2180,2153,"London planetree",16.23,132.69,11,557,25.871,112,5.202,2693,0.7995,1157,1140,2026,2002
"BK42","Flatbush",1038.90744,43.56118979,72.691973,192.8726997,236.4338895,265.5646727,29.13078321,22.75793593,25.56191847,2.80398254,12.32090005,5926,5773,5713,"London planetree",48.21,118.5,12,1352,23.665,487,8.524,7322,0.7803,5874,5762,5971,5910
"BK43","Midwood",821.845163,39.78410176,56.48014774,136.6363469,176.4204487,193.1164946,16.69604598,21.46638523,23.49791704,2.031531818,9.463781611,4860,4713,4664,"London planetree",35.75,130.46,13,1032,22.127,222,4.76,5624,0.8293,4557,4495,4826,4785
"BK44","Madison",628.5390745,24.22928397,32.61048471,85.53211431,109.7613983,118.142599,8.381200738,17.4629395,18.79638098,1.33344148,7.63583634,3565,3415,3362,"London planetree",28.13,119.53,14,878,26.115,285,8.477,4162,0.8078,2939,2863,3163,3146
"BK45","Georgetown-Marine Park-Bergen Beach-Mill Basin",1594.672129,81.02874692,73.63232806,225.1220719,306.1508188,298.7544,-7.396418861,19.19835515,18.73453449,-0.463820664,-2.415939598,7188,7035,6965,"London planetree",55.89,124.62,15,1614,23.173,309,4.436,8549,0.8147,5011,4930,6778,6730
"BK46","Ocean Parkway South",408.2207293,14.0597921,21.2245179,55.8075199,69.867312,77.0320378,7.164725807,17.11508186,18.87019259,1.755110726,10.25476092,2545,2499,2474,"London planetree",16.87,146.68,11,746,30.154,117,4.729,2885,0.8575,1519,1503,2293,2281
"BK50","Canarsie",1884.730891,102.497829,95.94404889,268.7737093,371.2715383,364.7177582,-6.553780077,19.69891512,19.35118483,-0.347730284,-1.765225556,5991,5741,5634,"London planetree",67.22,83.81,16,1233,21.885,157,2.787,9079,0.6206,5479,5387,6490,6437
"BK58","Flatlands",1247.515518,42.62083006,61.64728899,176.1739254,218.7947555,237.8212144,19.02645893,17.53843959,19.06358766,1.525148076,8.696030617,5585,5396,5308,"London planetree",58.59,90.59,16,903,17.012,288,5.426,7798,0.6807,4266,4081,5216,5144
"BK60","Prospect Lefferts Gardens-Wingate",726.3299207,21.70312188,35.94378374,83.93056705,105.6336889,119.8743508,14.24066187,14.54348581,16.5041185,1.960632691,13.48117443,3052,2998,2925,"London planetree",27.93,104.74,11,839,28.684,110,3.761,3972,0.7364,1788,1761,2479,2446
"BK61","Crown Heights North",1185.054059,35.07076502,74.21693455,176.6084114,211.6791764,250.825346,39.14616953,17.86240677,21.1657303,3.303323528,18.49316035,6410,6261,6181,"honeylocust",53.03,116.56,10,1589,25.708,149,2.411,7793,0.7931,3601,3480,4402,4343
"BK63","Crown Heights South",367.0773379,8.466972564,17.36171895,42.90377174,51.37074431,60.26549069,8.894746381,13.99452895,16.41765494,2.423125991,17.31480924,1981,1948,1917,"London planetree",16.71,114.75,11,464,24.204,71,3.704,2449,0.7828,1173,1166,2222,2199
"BK64","Prospect Heights",234.8243395,8.28378285,14.78408685,34.24762264,42.53140549,49.03170949,6.500303999,18.112009,20.88016498,2.768155981,15.28353912,1503,1474,1463,"honeylocust",10.47,139.73,10,354,24.197,10,0.684,1743,0.8394,570,565,1326,1298
"BK68","Fort Greene",378.3935118,10.95830469,26.15863565,79.7671579,90.72546259,105.9257935,15.20033095,23.97648474,27.99355439,4.017069659,16.75420606,2044,2005,1967,"London planetree",18.4,106.91,11,483,24.555,31,1.576,2440,0.8061,1343,1319,1382,1371
"BK69","Clinton Hill",471.2631647,17.66905794,32.6657151,82.28162741,99.95068536,114.9473425,14.99665715,21.20910201,24.39132763,3.182225617,15.00405635,2948,2874,2835,"London planetree",22.43,126.37,11,838,29.559,46,1.623,3314,0.8555,1800,1764,1747,1743
"BK72","Williamsburg",266.0695109,6.599846698,16.05196987,39.27816585,45.87801255,55.33013572,9.452123168,17.24286725,20.79536867,3.552501426,20.60273025,1643,1618,1595,"London planetree",14.71,108.44,11,294,18.433,28,1.755,2075,0.7687,903,853,1495,1475
"BK73","North Side-South Side",662.7587037,9.569752337,35.71382013,51.33136905,60.90112139,87.04518918,26.14406779,9.189033814,13.13376779,3.94473398,42.92871329,3473,3420,3271,"honeylocust",33.73,96.98,7,1343,41.058,41,1.253,4430,0.7384,1347,1267,2170,2156
"BK75","Bedford",749.0768954,20.67084682,49.79253264,103.6911893,124.3620361,153.483722,29.12168582,16.60203871,20.48971513,3.887676418,23.41686154,3702,3646,3588,"honeylocust",34.76,103.21,8,1377,38.378,34,0.948,4644,0.7726,1596,1531,2160,2144
"BK76","Greenpoint",810.8799643,11.01046062,33.0594096,50.10127178,61.1117324,83.16068138,22.04894899,7.536470882,10.25560934,2.719138461,36.07973154,3387,3350,3292,"honeylocust",35.11,93.76,8,983,29.86,10,0.304,4428,0.7435,1072,1044,2620,2582
"BK77","Bushwick North",572.26771,12.21333172,29.06584999,42.83475677,55.04808849,71.90060677,16.85251827,9.619289632,12.56415582,2.944866184,30.61417523,3451,3371,3245,"honeylocust",28.77,112.8,6,1615,49.769,31,0.955,4114,0.7888,858,830,1416,1376
"BK78","Bushwick South",922.1643176,22.27520356,50.94687959,93.77010627,116.0453098,144.7169859,28.67167603,12.58401649,15.69318863,3.109172138,24.70731137,4522,4441,4334,"honeylocust",41.32,104.9,7,1656,38.21,15,0.346,5909,0.7335,1641,1593,3033,2977
"BK79","Ocean Hill",461.2009679,12.67005516,27.27164033,44.60317289,57.27322805,71.87481322,14.60158517,12.41828011,15.58427198,3.165991874,25.49460833,2342,2309,2262,"honeylocust",26.6,85.05,7,820,36.251,36,1.592,3185,0.7102,758,725,889,875
"BK81","Brownsville",751.1332863,18.70141311,41.57698613,95.99711308,114.6985262,137.5740992,22.87557301,15.27006302,18.31553756,3.045474542,19.94408627,3129,3064,2973,"London planetree",37.64,78.98,9,1002,33.703,161,5.415,4493,0.6617,1950,1873,2108,2075
"BK82","East New York",2686.4941,46.8611948,127.6699705,220.3829625,267.2441573,348.052933,80.8087757,9.94769195,12.95565596,3.007964012,30.23780819,9591,9449,9162,"London planetree",96.47,94.97,5,5298,57.826,157,1.714,12518,0.7319,3038,2876,3666,3589
"BK83","Cypress Hills-City Line",633.8354504,21.40157318,34.788747,77.76416207,99.16573525,112.5529091,13.38717382,15.64534379,17.75743357,2.112089787,13.49979787,3531,3491,3384,"London planetree",32.33,104.68,7,1491,44.06,157,4.639,4353,0.7774,1681,1630,1638,1614
"BK85","East New York (Pennsylvania Ave)",445.3059326,8.977595278,25.40982204,35.09288581,44.07048109,60.50270785,16.43222676,9.896675041,13.58677337,3.690098325,37.28624321,2955,2930,2856,"honeylocust",22.93,124.54,6,1411,49.405,48,1.681,3360,0.85,853,829,1402,1382
"BK88","Borough Park",1239.784636,34.20549334,64.26100915,152.8796541,187.0851475,217.1406633,30.0555158,15.09013276,17.51438573,2.424252966,16.06515333,5947,5802,5709,"London planetree",54.54,104.68,11,1412,24.733,319,5.588,7847,0.7275,4432,4362,5121,5073
"BK90","East Williamsburg",898.3668135,10.60552213,27.04528689,50.54207397,61.1475961,77.58736085,16.43976475,6.806528823,8.636490094,1.829961271,26.88538193,2295,2253,2178,"London planetree",32.79,66.42,8,742,34.068,10,0.459,3880,0.5613,790,769,1581,1556
"BK91","East Flatbush-Farragut",788.8168755,27.38335065,35.82096508,92.12019094,119.5035416,127.941156,8.437614429,15.14971919,16.2193736,1.069654402,7.060555961,2895,2800,2772,"London planetree",34.76,79.76,15,599,21.609,222,8.009,4600,0.6026,2689,2550,2836,2808
"BK93","Starrett City",266.2761463,11.01660949,18.23746018,45.28932833,56.30593782,63.52678851,7.220850694,21.14569352,23.85748381,2.711790295,12.82431476,690,686,682,"London planetree",7.73,88.19,13,101,14.809,1,0.147,965,0.7067,58,58,195,192
"BK95","Erasmus",333.3931069,7.254417497,14.89462246,26.31380267,33.56822017,41.20842514,7.640204966,10.06866053,12.36031108,2.29165055,22.76023253,1395,1360,1329,"London planetree",15.46,85.98,6,606,45.598,41,3.085,2102,0.6323,726,697,822,812
"BK96","Rugby-Remsen Village",750.8482029,18.98450077,29.94334112,74.34692793,93.3314287,104.290269,10.95884035,12.43013279,13.88966087,1.459528078,11.74185427,3316,3222,3178,"London planetree",40.44,78.59,14,790,24.858,128,4.028,4842,0.6563,2514,2417,2912,2863
"BK99","park-cemetery-etc-Brooklyn",5173.05658,178.8226722,284.3353959,965.3588275,1144.1815,1249.694223,105.5127238,22.11809367,24.15775285,2.039659187,9.221677138,1980,1925,1905,"London planetree",44.41,42.89,11,497,26.089,125,6.562,2651,0.7186,42,38,370,356
"BX01","Claremont-Bathgate",377.6852695,6.198237722,20.0011112,38.77772211,44.97595983,58.7788333,13.80287348,11.90831718,15.5629139,3.654596722,30.68944727,1643,1606,1538,"honeylocust",18.7,82.27,5,774,50.325,10,0.65,2295,0.6702,429,422,666,652
"BX03","Eastchester-Edenwald-Baychester",924.1688466,30.24283009,49.11400525,183.7502002,213.9930303,232.8642055,18.87117516,23.15518762,25.19714945,2.041961838,8.81859336,2625,2485,2423,"London planetree",36.04,67.24,10,876,36.154,98,4.045,4383,0.5528,2000,1896,2050,2014
"BX05","Bedford Park-Fordham North",344.3269833,9.836314427,14.7121344,33.93431404,43.77062847,48.64644844,4.875819971,12.71193679,14.12798032,1.416043531,11.13947901,1821,1781,1721,"honeylocust",19.19,89.69,7,710,41.255,10,0.581,2350,0.7323,1082,1018,1254,1226
"BX06","Belmont",311.2813512,7.31626548,14.6899072,42.48109401,49.79735949,57.17100121,7.373641722,15.99754027,18.36634318,2.368802916,14.8072946,1479,1464,1413,"honeylocust",18.7,75.55,6,668,47.275,9,0.637,1710,0.8263,672,647,691,676
"BX07","Bronxdale",348.613746,10.7242478,17.39559649,57.79040029,68.51464809,75.18599678,6.671348688,19.65345569,21.56713487,1.913679184,9.737112974,1514,1439,1378,"pin oak",15.59,88.4,11,358,25.98,55,3.991,2130,0.6469,819,786,1390,1377
"BX08","West Farms-Bronx River",346.3032447,8.182215636,16.72075985,42.49479835,50.67701398,59.2155582,8.538544218,14.63371041,17.09933681,2.465626398,16.84894896,1642,1597,1551,"honeylocust",16.1,96.34,7,586,37.782,15,0.967,2070,0.7493,1068,1035,878,865
"BX09","Soundview-Castle Hill-Clason Point-Harding Park",1193.384835,32.93543934,64.26339697,171.071431,204.0068704,235.334828,31.32795763,17.09481002,19.71994457,2.625134551,15.3563248,3698,3640,3589,"London planetree",56.05,64.03,8,1435,39.983,89,2.48,5188,0.6918,1740,1665,2166,2127
"BX10","Pelham Bay-Country Club-City Island",921.3596916,34.7258957,52.78088992,123.9419517,158.6678474,176.7228416,18.05499422,17.22105371,19.18065694,1.959603224,11.37911336,3157,3097,3047,"London planetree",35.35,86.2,11,815,26.748,123,4.037,4379,0.6958,2075,2016,3064,3038
"BX13","Co-op City",914.455801,20.21556165,45.10389166,118.9024579,139.1180195,164.0063495,24.88833001,15.21320324,17.93485802,2.721654779,17.89008361,2103,2067,2030,"London planetree",26.88,75.52,10,557,27.438,25,1.232,3030,0.67,1132,1090,1962,1920
"BX14","East Concourse-Concourse Village",418.3121401,7.319946161,21.42737457,28.88969851,36.20964467,50.31707308,14.10742841,8.656130484,12.02859498,3.372464496,38.96041658,2432,2357,2228,"honeylocust",22.86,97.45,6,893,40.081,11,0.494,2874,0.7752,874,821,981,951
"BX17","East Tremont",442.0383123,9.068895832,22.04583704,43.20265332,52.27154915,65.24849036,12.9769412,11.82511735,14.76082243,2.935705083,24.82601226,2376,2351,2252,"honeylocust",21.91,102.76,6,1058,46.98,6,0.266,2904,0.7755,511,486,1548,1496
"BX22","North Riverdale-Fieldston-Riverdale",1125.993374,64.23957766,74.81559484,490.4622378,554.7018154,565.2778326,10.57601718,49.26332856,50.20258961,0.939261049,1.906613046,1969,1913,1870,"Norway maple",31.43,59.5,11,445,23.797,53,2.834,3214,0.5818,2766,2671,3170,3138
"BX26","Highbridge",377.818414,9.459149326,22.74282833,51.6811788,61.14032812,74.42400713,13.283679,16.18246381,19.69835359,3.51588978,21.7265419,1843,1774,1671,"honeylocust",18.21,91.77,6,709,42.43,11,0.658,2178,0.7672,467,445,598,583
"BX27","Hunts Point",1141.861603,11.64132586,31.56781515,40.4548507,52.09617656,72.02266585,19.92648929,4.562389735,6.307477689,1.745087954,38.24942751,3521,3475,3293,"honeylocust",39.82,82.7,5,1790,54.358,13,0.395,4219,0.7805,287,271,1323,1274
"BX28","Van Cortlandt Village",589.2112954,19.707885,24.3461918,87.22513429,106.9330193,111.5713261,4.638306804,18.14850125,18.93570727,0.787206023,4.337581445,2355,2300,2235,"pin oak",24.54,91.09,11,665,29.754,88,3.937,2734,0.8175,1611,1530,1767,1739
"BX29","Spuyten Duyvil-Kingsbridge",532.9223794,21.88904224,31.07028574,142.9124688,164.801511,173.9827545,9.181243502,30.92411153,32.64692218,1.722810649,5.571091823,1899,1855,1813,"pin oak",22.61,80.2,9,592,32.653,37,2.041,2679,0.6767,1169,1144,1772,1737
"BX30","Kingsbridge Heights",302.1861963,10.15716499,15.52166112,42.70024795,52.85741294,58.22190907,5.364496127,17.49167023,19.26689895,1.775228714,10.14899487,1187,1148,1111,"pin oak",11.04,100.64,6,532,47.885,7,0.63,1375,0.808,595,553,666,654
"BX31","Allerton-Pelham Gardens",727.5713882,28.16896199,41.68552932,108.9801999,137.1491619,150.6657292,13.51656733,18.85026873,20.70803383,1.8577651,9.855377273,3852,3708,3609,"London planetree",32.37,111.51,13,740,20.504,174,4.821,4851,0.744,3243,3159,3930,3872
"BX33","Longwood",246.3832019,3.228821499,13.66758746,19.18854226,22.41736376,32.85612972,10.43876597,9.098576357,13.33537736,4.236801002,46.56553768,1572,1534,1476,"honeylocust",12.5,118.05,7,484,32.791,2,0.136,1802,0.8191,187,185,911,886
"BX34","Melrose South-Mott Haven North",396.505136,6.437307484,23.58983627,47.44990124,53.88720872,71.03973751,17.15252879,13.59054495,17.91647347,4.325928527,31.83042728,2156,2104,1997,"honeylocust",19.52,102.3,6,819,41.012,4,0.2,2594,0.7699,492,489,752,733
"BX35","Morrisania-Melrose",387.7813228,9.555316712,23.80634173,46.12833167,55.68364838,69.93467339,14.25102502,14.35954882,18.03456466,3.675015834,25.59283637,2284,2226,2135,"honeylocust",19.69,108.42,6,862,40.375,6,0.281,2667,0.8005,608,597,924,903
"BX36","University Heights-Morris Heights",487.9588015,17.45544614,27.79929295,69.52701993,86.98246607,97.32631288,10.34384682,17.82578074,19.94560044,2.119819703,11.89187578,2138,2097,1988,"honeylocust",22.81,87.14,5,1000,50.302,21,1.056,2561,0.7763,772,734,1212,1153
"BX37","Van Nest-Morris Park-Westchester Square",833.3840973,25.7442445,33.10060092,83.88849529,109.6327398,116.9890962,7.356356418,13.15512741,14.03783641,0.882708998,6.709999615,3136,3077,3001,"London planetree",30.79,97.47,7,1374,45.785,77,2.566,3978,0.7544,1905,1845,1997,1971
"BX39","Mott Haven-Port Morris",961.8583747,16.19094144,39.7437546,101.3331441,117.5240856,141.0768987,23.55281316,12.21843971,14.66711758,2.44867787,20.04083933,2517,2460,2377,"honeylocust",41,57.98,6,989,41.607,0,0,3763,0.6317,642,634,890,862
"BX40","Fordham South",144.831847,3.008584355,6.360745174,8.971059214,11.97964357,15.33180439,3.352160819,8.271415312,10.58593445,2.31451914,27.98214154,1053,1034,995,"honeylocust",8.33,119.44,4,595,59.799,3,0.302,1141,0.872,326,296,435,412
"BX41","Mount Hope",337.8491844,6.649830047,13.572867,28.13833825,34.78816829,41.71120525,6.923036956,10.29695198,12.3461021,2.049150117,19.90055038,2000,1956,1881,"honeylocust",21.8,86.29,5,957,50.877,15,0.797,2432,0.7734,744,708,1042,1002
"BX43","Norwood",360.9946755,13.52023613,19.82194019,64.342464,77.86270012,84.16440418,6.301704059,21.56893312,23.31458326,1.74565014,8.093354134,1802,1744,1709,"honeylocust",14.86,115.01,8,577,33.762,17,0.995,2220,0.7698,811,754,1387,1366
"BX44","Williamsbridge-Olinville",832.7731269,29.20208906,41.46696712,92.21468095,121.41677,133.6816481,12.26487806,14.57981365,16.05258908,1.472775437,10.10146956,3256,3169,3086,"honeylocust",36.96,83.49,7,1308,42.385,98,3.176,5024,0.6143,1349,1299,2379,2331
"BX46","Parkchester",210.8511683,8.59913051,9.421550002,48.70197957,57.30111008,58.12352957,0.822419492,27.17609323,27.56614063,0.390047396,1.435259266,790,780,773,"honeylocust",7.22,107.09,10,291,37.646,7,0.906,1222,0.6326,174,167,436,433
"BX49","Pelham Parkway",528.7585879,21.33713082,29.59095816,96.26679623,117.6039271,125.8577544,8.253827338,22.24151621,23.80249839,1.560982181,7.018326296,2308,2239,2177,"Norway maple",23.85,91.28,11,636,29.215,87,3.996,2844,0.7655,1638,1596,1833,1811
"BX52","Schuylerville-Throgs Neck-Edgewater Park",2030.323428,59.93767473,97.89119258,241.0885669,301.0262416,338.9797595,37.95351785,14.82651668,16.69585027,1.869333591,12.60804296,5023,4914,4851,"London planetree",88.69,54.7,11,1090,22.47,126,2.597,7211,0.6727,3647,3561,3733,3684
"BX55","Soundview-Bruckner",373.1257677,7.533587616,20.17347104,45.3998702,52.93345781,65.57334123,12.63988342,14.18649217,17.57405864,3.387566476,23.8788168,1902,1868,1849,"London planetree",15.8,117,7,775,41.915,51,2.758,2259,0.8185,1166,1137,1168,1150
"BX59","Westchester-Unionport",549.707513,12.84909193,23.49340232,41.88679428,54.73588621,65.3801966,10.64431039,9.957274534,11.89363344,1.936358907,19.4466759,2820,2782,2709,"honeylocust",25.64,105.67,5,1500,55.371,38,1.403,3291,0.8232,1000,968,1252,1233
"BX62","Woodlawn-Wakefield",912.2775615,32.65663056,50.7178821,136.2945913,168.9512219,187.0124734,18.06125154,18.51971692,20.49951477,1.979797849,10.69021658,3946,3859,3802,"honeylocust",39.75,95.64,13,688,18.096,121,3.183,5632,0.6751,4130,4042,3889,3836
"BX63","West Concourse",444.8972051,9.646501277,19.71301649,36.10680291,45.75330419,55.81981939,10.06651521,10.284017,12.54667792,2.262660923,22.00172291,2155,2086,1979,"honeylocust",21.77,90.89,6,736,37.191,10,0.505,2527,0.7831,672,637,937,902
"BX75","Crotona Park East",374.4421896,6.519545636,19.76014842,32.32433798,38.84388362,52.08448641,13.24060279,10.37379994,13.90988726,3.53608732,34.08671212,1411,1386,1332,"honeylocust",14.3,93.16,6,625,46.922,5,0.375,1787,0.7454,512,493,673,630
"BX98","Rikers Island",416.9872348,1.909737342,5.196009003,7.550530877,9.460268219,12.74653988,3.286271661,2.268718903,3.056817767,0.788098864,34.73761615,1,0,0,"",16.88,0,NA,0,NA,0,NA,NA,NA,NA,NA,NA,NA
"BX99","park-cemetery-etc-Bronx",5069.728341,157.4764061,280.870726,2277.724187,2435.200593,2558.594913,123.3943199,48.03414364,50.46808707,2.43394343,5.067111113,1515,1444,1402,"pin oak",21.86,64.14,11,422,30.1,121,8.631,2082,0.6734,83,81,130,127
"MN01","Marble Hill-Inwood",407.0871309,8.298847067,18.68119484,48.80753724,57.10638431,67.48873208,10.38234777,14.02804952,16.57844893,2.550399407,18.18071289,1717,1682,1639,"Japanese zelkova",15.97,102.64,6,815,49.725,17,1.037,2105,0.7786,906,841,1032,1018
"MN03","Central Harlem North-Polo Grounds",583.1838621,11.74627317,33.97363815,93.21230187,104.958575,127.18594,22.22736498,17.9975102,21.80889224,3.811382039,21.17727396,3515,3469,3355,"honeylocust",29.68,113.05,7,1207,35.976,3,0.089,3983,0.8423,1525,1458,2172,2135
"MN04","Hamilton Heights",369.5164465,9.596266846,19.45080321,72.28922245,81.88548929,91.74002566,9.854536368,22.16017448,24.82704803,2.666873548,12.03453317,2410,2366,2299,"pin oak",17.58,130.81,8,783,34.058,40,1.74,2622,0.8768,1108,1081,1486,1458
"MN06","Manhattanville",244.4232683,3.997250255,11.07499685,38.72862308,42.72587334,49.80361994,7.077746597,17.48028068,20.37597332,2.895692643,16.56548139,910,899,862,"honeylocust",11.25,76.61,6,378,43.852,2,0.232,1283,0.6719,399,382,566,544
"MN09","Morningside Heights",462.7161238,11.58540189,25.25410505,125.5993177,137.1847195,150.8534227,13.66870316,29.64770677,32.60172165,2.954014882,9.963721325,2599,2554,2492,"honeylocust",24.21,102.95,9,680,27.287,78,3.13,2896,0.8605,1450,1399,1836,1818
"MN11","Central Harlem South",331.4796978,5.357897816,21.94295574,35.96679896,41.32469677,57.90975469,16.58505792,12.46673538,17.47007587,5.003340486,40.13352599,2574,2547,2485,"honeylocust",20.69,120.08,7,839,33.763,3,0.121,2778,0.8945,932,895,1778,1761
"MN12","Upper West Side",789.2548978,20.64164833,44.96298565,178.2291084,198.8707567,223.192094,24.32133732,25.19727876,28.27883548,3.081556717,12.22972031,5776,5700,5616,"honeylocust",42.48,132.2,10,1251,22.276,33,0.588,6124,0.917,4459,4313,5233,5178
"MN13","Hudson Yards-Chelsea-Flatiron-Union Square",850.9734881,10.52268489,27.37568818,58.25867407,68.78135896,85.63436225,16.85300329,8.082667665,10.06310578,1.980438113,24.50228309,3032,2975,2841,"honeylocust",37.08,76.61,7,1024,36.044,0,0,4392,0.6469,2169,2115,2210,2174
"MN14","Lincoln Square",362.8449058,7.319438495,17.1551687,40.53317291,47.85261141,57.68834161,9.835730205,13.18817231,15.89889804,2.710725725,20.55421829,2078,2058,2022,"honeylocust",21.47,94.16,8,629,31.108,0,0,2392,0.8453,1505,1459,1828,1804
"MN15","Clinton",421.5369289,5.583003623,13.85450763,29.39347249,34.97647611,43.24798012,8.271504003,8.297369392,10.25959463,1.962225237,23.64876317,2011,1957,1887,"honeylocust",19.67,95.94,8,642,34.022,1,0.053,2427,0.7775,1326,1269,1602,1586
"MN17","Midtown-Midtown South",693.1029972,4.879331042,7.215876963,12.8562289,17.73555994,20.07210586,2.33654592,2.558863547,2.895977357,0.33711381,13.17435665,1212,1200,1136,"honeylocust",42.82,26.53,6,567,49.912,0,0,3288,0.3455,1314,1294,1142,1123
"MN19","Turtle Bay-East Midtown",399.2002757,6.977546577,12.1030013,35.70338129,42.68092787,47.80638259,5.125454723,10.69160782,11.97553847,1.283930657,12.00877061,2230,2203,2162,"honeylocust",20.54,105.27,8,564,26.087,0,0,2734,0.7908,2641,2611,2084,2077
"MN20","Murray Hill-Kips Bay",332.5499301,8.348397642,11.25125508,34.94689852,43.29529616,46.1981536,2.90285744,13.01918667,13.89209542,0.872908751,6.704787119,1743,1701,1658,"honeylocust",18.22,91.02,8,478,28.83,0,0,2094,0.7918,1486,1455,1623,1598
"MN21","Gramercy",172.793633,4.321269793,6.5477771,19.65510769,23.97637749,26.2028848,2.226507308,13.87572972,15.16426522,1.288535503,9.286253975,1134,1104,1087,"honeylocust",11.77,92.37,8,335,30.819,4,0.368,1363,0.7975,1133,1087,1097,1080
"MN22","East Village",250.0973976,8.086493149,13.3700225,39.67444908,47.76094222,53.04447158,5.283529352,19.09693691,21.2095256,2.112588696,11.0624479,1581,1548,1512,"honeylocust",15.22,99.35,9,474,31.349,0,0,1769,0.8547,1368,1348,1306,1292
"MN23","West Village",573.2472941,14.29178677,26.85138519,72.23257891,86.52436567,99.0839641,12.55959842,15.09372422,17.28468065,2.190956426,14.51567813,3797,3761,3675,"Callery pear",34.04,107.96,9,839,22.83,2,0.054,4668,0.7873,3278,3196,3078,3054
"MN24","SoHo-TriBeCa-Civic Center-Little Italy",574.6713028,6.174974721,16.50024321,28.88052762,35.05550235,45.38077083,10.32526849,6.100096207,7.896822168,1.796725961,29.45405941,2243,2197,2128,"honeylocust",32.11,66.26,6,949,44.596,0,0,3850,0.5527,1157,1133,1584,1568
"MN25","Battery Park City-Lower Manhattan",436.5073056,3.489409202,20.45769154,28.45925106,31.94866026,48.91694259,16.96828233,7.319158201,11.20644305,3.887284844,53.11109197,1312,1296,1266,"honeylocust",24.98,50.68,7,415,32.78,2,0.158,2424,0.5223,514,496,959,945
"MN27","Chinatown",332.9180738,6.792964589,12.99244783,39.718267,46.51123159,52.71071483,6.199483241,13.97077397,15.83293878,1.862164818,13.32900254,1468,1451,1402,"London planetree",21.97,63.83,7,579,41.298,0,0,2297,0.6104,473,456,681,662
"MN28","Lower East Side",534.8240982,30.96412007,29.05062103,107.0327503,137.9968704,136.0833713,-1.913499032,25.80229104,25.44451004,-0.357781005,-1.386624948,1943,1916,1845,"honeylocust",26.26,70.27,7,778,42.168,1,0.054,2729,0.6761,983,972,1038,1016
"MN31","Lenox Hill-Roosevelt Island",493.769469,16.10294405,22.09137151,68.31285317,84.41579721,90.40422467,5.988427462,17.0961962,18.30899445,1.212798247,7.093965419,2327,2277,2215,"honeylocust",21.28,104.1,9,522,23.567,1,0.045,2735,0.8099,2130,2085,2239,2204
"MN32","Yorkville",312.2598844,10.51260178,15.60248959,52.85398386,63.36658564,68.45647344,5.089887807,20.29289986,21.92291641,1.630016554,8.032447632,2269,2180,2133,"honeylocust",13.48,158.22,10,420,19.691,5,0.234,2401,0.8884,2364,2314,2391,2364
"MN33","East Harlem South",382.2471861,8.576169144,23.00946044,63.40114657,71.97731571,86.410607,14.43329129,18.83004462,22.6059498,3.775905178,20.05255566,1886,1818,1750,"honeylocust",21.52,81.3,6,739,42.229,1,0.057,2384,0.7341,879,854,1163,1136
"MN34","East Harlem North",562.3254991,15.63083755,35.15877571,92.99223305,108.6230706,128.1510088,19.52793816,19.31676063,22.7894714,3.472710768,17.97770773,2597,2510,2403,"honeylocust",25.95,92.59,7,880,36.621,1,0.042,3182,0.7552,913,882,1586,1561
"MN35","Washington Heights North",520.3720346,12.96246604,30.05755977,132.4410773,145.4035433,162.498637,17.09509373,27.94222857,31.22739621,3.285167648,11.75699941,2571,2499,2410,"honeylocust",19.31,124.83,6,1119,46.432,15,0.622,2959,0.8145,1177,1114,1167,1133
"MN36","Washington Heights South",530.1370318,8.958059443,23.5841185,78.30259845,87.26065789,101.886717,14.62605906,16.46001933,19.21893979,2.758920465,16.76134402,2887,2828,2695,"honeylocust",26.28,102.55,6,1304,48.386,12,0.445,3560,0.757,1368,1302,1618,1587
"MN40","Upper East Side-Carnegie Hill",460.6373808,11.1630915,21.39052405,56.47346733,67.63655883,77.86399138,10.22743254,14.68325448,16.90353294,2.22027846,15.12116039,4211,4154,4080,"Callery pear",35.06,116.38,9,864,21.176,2,0.049,4467,0.9134,3995,3955,3888,3854
"MN50","Stuyvesant Town-Cooper Village",128.1506981,4.431760427,8.467924397,39.86992448,44.30168491,48.33784888,4.03616397,34.5699911,37.71953615,3.149545052,9.110633101,437,431,428,"honeylocust",3.46,123.61,11,102,23.832,0,0,651,0.6575,312,306,330,327
"MN99","park-cemetery-etc-Manhattan",2101.550648,100.8131645,100.6826169,729.6805226,830.4936872,830.3631396,-0.130547577,39.5181381,39.51192614,-0.006211964,-0.015719274,1251,1242,1233,"American elm",66.26,18.61,15,386,31.306,105,8.516,1428,0.8634,38,34,77,75
"QN01","South Jamaica",917.6292064,35.11227017,57.40278866,123.7203782,158.8326484,181.1231669,22.29051849,17.30902278,19.738165,2.429142221,14.03396513,4089,3966,3890,"pin oak",43.32,89.81,12,712,18.303,143,3.676,6144,0.6331,3162,3040,3279,3216
"QN02","Springfield Gardens North",652.7224064,23.00961149,38.87252312,109.7621722,132.7717837,148.6346953,15.86291163,20.34123272,22.77150192,2.430269204,11.94750209,2967,2863,2809,"littleleaf linden",26.58,105.67,13,264,9.398,87,3.097,3929,0.7149,2503,2426,2625,2600
"QN03","Springfield Gardens South-Brookville",993.7766782,35.96257058,49.64212686,107.2719151,143.2344857,156.9140419,13.67955628,14.41314621,15.78966838,1.376522168,9.550462807,3721,3647,3567,"cherry",40.55,87.97,8,1056,29.605,115,3.224,5691,0.6268,2139,2061,2768,2737
"QN05","Rosedale",1413.429596,52.10907861,85.32945095,207.6603285,259.7694071,292.9897795,33.22037234,18.37865911,20.72899707,2.350337961,12.78840827,5371,5237,5170,"honeylocust",45.99,112.41,11,1010,19.536,195,3.772,6934,0.7456,4621,4543,5052,4945
"QN06","Jamaica Estates-Holliswood",982.3226696,77.0323305,60.23094564,291.6986487,368.7309792,351.9295943,-16.80138486,37.53664561,35.82627229,-1.71037332,-4.556542792,4191,4060,3965,"pin oak",38.13,103.98,14,877,22.119,353,8.903,5821,0.6812,2161,2119,4045,3986
"QN07","Hollis",525.4309778,25.52970807,29.17919568,72.72131876,98.25102683,101.9005144,3.64948761,18.699131,19.39370131,0.694570317,3.714452386,2553,2483,2435,"London planetree",25.41,95.84,11,740,30.39,220,9.035,3736,0.6518,2587,2414,1808,1769
"QN08","St. Albans",1777.152533,76.92388303,101.4159802,269.5508338,346.4747169,370.9668141,24.4920972,19.49605959,20.87422476,1.378165168,7.06894212,7181,6884,6767,"London planetree",78.78,85.89,11,2136,31.565,674,9.96,11151,0.6069,6192,5951,5068,4991
"QN10","Breezy Point-Belle Harbor-Rockaway Park-Broad Channel",2300.520751,89.33466537,52.78251664,94.4380134,183.7726788,147.22053,-36.55214873,7.988307806,6.399443689,-1.588864117,-19.88987099,3981,3677,3541,"honeylocust",54.97,64.42,6,1634,46.145,15,0.424,6337,0.5588,3185,3043,3994,3944
"QN12","Hammels-Arverne-Edgemere",1420.931927,49.89166859,37.96508229,71.86780121,121.7594698,109.8328835,-11.9265863,8.568986836,7.729637246,-0.83934959,-9.795202231,3208,3085,2932,"Callery pear",54.24,54.06,4,2131,72.681,9,0.307,6028,0.4864,686,640,1161,1131
"QN15","Far Rockaway-Bayswater",1243.339851,50.75126255,69.67471913,158.8231983,209.5744609,228.4979174,18.92345659,16.85576641,18.37775226,1.521985849,9.029466906,4963,4826,4702,"honeylocust",53.95,87.16,6,2099,44.641,32,0.681,7126,0.6598,1999,1910,3073,3011
"QN17","Forest Hills",1327.539676,79.05151776,81.4317818,271.5559157,350.6074335,352.9876975,2.380264046,26.41031675,26.58961565,0.179298901,0.678897199,7698,7419,7327,"London planetree",58.2,125.9,11,1981,27.037,502,6.851,8891,0.8241,6475,6313,8255,8175
"QN18","Rego Park",457.8010138,17.74440357,23.36608629,71.44135128,89.18575484,94.80743757,5.621682726,19.48133625,20.70931141,1.227975159,6.303341532,2404,2314,2283,"honeylocust",21.28,107.26,12,445,19.492,79,3.46,2998,0.7615,1780,1731,1993,1966
"QN19","Glendale",689.0902098,22.5604308,36.07175093,93.32857928,115.8890101,129.4003302,13.51132012,16.81768344,18.77843109,1.960747654,11.65884506,4384,4166,4099,"London planetree",34.81,117.75,12,646,15.76,262,6.392,5153,0.7955,4750,4686,4675,4612
"QN20","Ridgewood",1159.21004,30.18575885,60.92010872,129.4816108,159.6673697,190.4017196,30.73434987,13.77380838,16.42512685,2.651318467,19.24898614,6481,6238,6095,"honeylocust",48.73,125.08,10,1527,25.053,80,1.313,7314,0.8333,4726,4589,5542,5382
"QN21","Middle Village",1324.262123,52.06898784,69.60400214,205.7753802,257.844368,275.3793823,17.5350143,19.47079536,20.79493006,1.324134701,6.800619472,5300,5095,5044,"London planetree",45.19,111.63,12,1010,20.024,304,6.027,6848,0.7366,4859,4749,5573,5513
"QN22","Flushing",869.2632047,23.45878783,34.39190423,98.543692,122.0024798,132.9355962,10.9331164,14.0351598,15.29290502,1.25774522,8.961388668,3079,2977,2912,"pin oak",33.93,85.82,11,775,26.614,125,4.293,4192,0.6947,2330,2256,2669,2619
"QN23","College Point",1160.560231,28.74977583,54.78503341,106.7775624,135.5273382,161.5625958,26.03525758,11.67775137,13.92108669,2.243335321,19.21033639,3468,3346,3294,"London planetree",39.13,84.17,8,1309,39.739,174,5.282,4769,0.6907,2188,2084,2416,2358
"QN25","Corona",460.9117767,16.05703979,18.86221744,41.33545063,57.39249043,60.19766807,2.805177642,12.45194706,13.06056194,0.608614877,4.887708515,1919,1876,1826,"Callery pear",22.17,82.37,11,438,23.987,81,4.436,2920,0.6253,1359,1309,1987,1950
"QN26","North Corona",413.3115074,14.37713597,19.0847781,36.84520184,51.22233782,55.92997994,4.707642124,12.3931555,13.53216132,1.13900582,9.190603797,2262,2212,2141,"pin oak",20.65,103.7,6,944,44.092,104,4.858,2926,0.7317,995,952,1284,1243
"QN27","East Elmhurst",452.8683651,21.45151907,21.46543893,58.60853418,80.06005325,80.07397312,0.013919868,17.67843802,17.68151173,0.003073712,0.017386783,2166,2105,2055,"pin oak",21.07,97.52,10,624,30.365,104,5.061,2982,0.6891,1719,1659,1568,1540
"QN28","Jackson Heights",1098.681495,36.1041474,56.13797128,151.5872254,187.6913728,207.7251967,20.03382388,17.08332885,18.90677122,1.823442369,10.67381179,6829,6642,6528,"London planetree",51.06,127.84,11,1563,23.943,252,3.86,7864,0.8301,6803,6554,7119,7020
"QN29","Elmhurst",750.122779,22.69813653,37.47271184,79.07195491,101.7700914,116.5446667,14.77457531,13.56712451,15.53674545,1.969620937,14.5176005,3312,3211,3169,"honeylocust",36.83,86.04,11,560,17.671,63,1.988,4846,0.6539,3078,2955,3730,3653
"QN30","Maspeth",818.0238875,22.12045238,31.96003585,75.71048328,97.83093566,107.6705191,9.839583472,11.95942284,13.16227078,1.202847939,10.05774237,3308,3159,3107,"London planetree",40.59,76.55,11,745,23.978,158,5.085,4847,0.641,3341,3247,2770,2722
"QN31","Hunters Point-Sunnyside-West Maspeth",2351.27704,29.02040891,62.39666635,117.6591822,146.6795911,180.0558485,33.37625744,6.238294704,7.657789594,1.41949489,22.75453401,5224,5136,5015,"London planetree",81.41,61.6,8,1640,32.702,65,1.296,8663,0.5789,3553,3447,4722,4641
"QN33","Cambria Heights",759.3388012,30.88549087,38.62260293,107.0394633,137.9249542,145.6620662,7.737112054,18.16382278,19.18275031,1.018927525,5.609653526,3276,3176,3099,"London planetree",34.54,89.73,12,751,24.234,205,6.615,4850,0.639,3147,3036,3151,3075
"QN34","Queens Village",1596.267976,77.28024149,80.12816099,213.5135221,290.7937635,293.641683,2.847919499,18.21710189,18.395513,0.178411115,0.979360583,6860,6540,6396,"London planetree",75.42,84.8,11,1639,25.625,504,7.88,10477,0.6105,6170,5924,6104,6013
"QN35","Briarwood-Jamaica Hills",674.4115391,31.67065385,36.06315109,111.3169948,142.9876486,147.3801459,4.39249724,21.20183898,21.85314712,0.651308138,3.071941726,3278,3197,3134,"London planetree",30.96,101.23,11,783,24.984,189,6.031,4406,0.7113,3065,2935,2884,2851
"QN37","Kew Gardens Hills",869.7970517,47.58179162,50.57120463,168.1835298,215.7653214,218.7547344,2.989413014,24.80639834,25.1500892,0.343690865,1.38549281,5073,4976,4902,"London planetree",39.21,125,13,1249,25.479,298,6.079,5688,0.8618,3990,3894,4481,4432
"QN38","Pomonok-Flushing Heights-Hillcrest",891.5508992,44.46738855,54.33089067,160.8214167,205.2888053,215.1523074,9.863502117,23.02603311,24.1323639,1.106330791,4.804695563,4918,4825,4766,"London planetree",40.49,117.71,13,1189,24.948,320,6.714,5879,0.8107,4337,4229,4503,4435
"QN41","Fresh Meadows-Utopia",637.6228992,31.85071945,39.15587645,163.898881,195.7496004,203.0547574,7.305156997,30.69990125,31.84558736,1.145686111,3.731888587,2688,2603,2572,"London planetree",31.57,81.47,14,453,17.613,115,4.471,4218,0.6098,2105,2064,3289,3249
"QN42","Oakland Gardens",1171.022044,53.99145101,75.55694784,319.4227871,373.4142381,394.9797349,21.56549684,31.88789144,33.72948759,1.841596146,5.775220823,5849,5654,5569,"London planetree",44.67,124.68,15,1170,21.009,354,6.357,6736,0.8268,4586,4489,5171,5123
"QN43","Bellerose",1266.858198,53.76680316,84.26683101,262.3669878,316.1337909,346.6338188,30.50002785,24.95415757,27.36169046,2.407532895,9.647822766,6385,6138,6056,"Norway maple",47.11,128.55,14,931,15.373,327,5.4,7257,0.8345,5580,5481,6634,6566
"QN44","Glen Oaks-Floral Park-New Hyde Park",1048.37049,51.54044738,66.11190722,191.6920613,243.2325087,257.8039686,14.57145984,23.2010068,24.59092191,1.389915109,5.990753422,6699,6506,6432,"Norway maple",40.92,157.19,14,624,9.701,81,1.259,7111,0.9045,5911,5863,7067,7012
"QN45","Douglas Manor-Douglaston-Little Neck",1570.114318,95.64717461,105.8474563,416.5783286,512.2255032,522.4257849,10.20028166,32.62345278,33.27310495,0.649652165,1.991365442,7206,7014,6927,"pin oak",80.21,86.36,12,1699,24.527,485,7.002,8752,0.7915,4360,4295,6547,6490
"QN46","Bayside-Bayside Hills",1854.880422,98.51061746,119.2960358,357.3228621,455.8334796,476.6188979,20.78541834,24.57481755,25.69539752,1.120579963,4.559870934,9878,9584,9468,"London planetree",85.51,110.73,13,1866,19.708,621,6.559,12558,0.7539,7582,7434,10839,10713
"QN47","Ft. Totten-Bay Terrace-Clearview",1062.730653,36.00787126,57.44059079,202.4340855,238.4419567,259.8746763,21.43271953,22.43672525,24.45348457,2.016759323,8.98865276,2903,2817,2788,"pin oak",28.18,98.95,13,588,21.09,109,3.91,3690,0.7556,2429,2377,3377,3331
"QN48","Auburndale",784.3173088,36.82854432,48.86754487,128.8557391,165.6842834,177.7232839,12.03900055,21.12464962,22.65961518,1.534965557,7.266229666,5232,5093,5039,"London planetree",40.04,125.85,14,1059,21.016,410,8.137,6158,0.8183,4797,4702,5148,5104
"QN49","Whitestone",1585.18356,74.24084738,86.28201577,229.4596274,303.7004748,315.7416432,12.0411684,19.15869446,19.91830166,0.759607196,3.964817112,7623,7397,7256,"London planetree",67.97,106.76,10,2182,30.072,414,5.706,9325,0.7781,6035,5890,7748,7680
"QN50","Elmhurst-Maspeth",503.3909798,16.28937175,24.71029479,56.9419728,73.23134455,81.65226758,8.420923038,14.54760762,16.2204471,1.672839478,11.49906927,1969,1900,1877,"honeylocust",26.29,71.4,11,365,19.446,77,4.102,3157,0.5946,1636,1575,2125,2094
"QN51","Murray Hill",1204.965054,77.83251407,70.14423378,216.3957021,294.2282162,286.5399359,-7.688280294,24.4179875,23.77993744,-0.638050064,-2.613032969,7116,6923,6838,"London planetree",53.31,128.28,13,1623,23.735,592,8.658,8465,0.8078,6233,6068,6961,6897
"QN52","East Flushing",676.1647346,43.1607694,35.15441836,108.1596604,151.3204298,143.3140788,-8.006351036,22.37922537,21.19514246,-1.184082906,-5.290991471,3123,3009,2966,"pin oak",28.6,103.72,11,843,28.422,258,8.699,4209,0.7047,3040,2929,3536,3493
"QN53","Woodhaven",850.1863321,33.3736423,42.51793534,113.3805989,146.7542412,155.8985342,9.144293034,17.26142089,18.3369843,1.075563402,6.231024713,4152,4037,3957,"London planetree",46.86,84.45,14,758,19.156,451,11.398,6029,0.6563,5196,5089,4524,4450
"QN54","Richmond Hill",1170.303083,43.15880548,52.35846017,120.9167415,164.075547,173.2752017,9.199654695,14.01991923,14.80601087,0.78609164,5.606962685,5014,4829,4713,"London planetree",53.18,88.62,11,1410,29.917,356,7.554,7254,0.6497,4974,4799,4324,4238
"QN55","South Ozone Park",1893.05311,73.37139313,76.89726799,197.2798333,270.6512264,274.1771013,3.525874858,14.29707519,14.48332854,0.186253351,1.30273744,7281,7026,6886,"London planetree",76.81,89.65,14,988,14.348,651,9.454,10608,0.6491,7817,7534,7951,7807
"QN56","Ozone Park",574.3060294,17.55524931,28.64964915,74.89664323,92.45189254,103.5462924,11.09439984,16.09801879,18.02981113,1.931792332,12.00018684,3268,3150,3093,"honeylocust",29.2,105.94,13,346,11.187,129,4.171,4314,0.717,2928,2877,3100,3060
"QN57","Lindenwood-Howard Beach",1482.11515,54.45056948,63.82416358,140.138993,194.5895625,203.9631566,9.373594106,13.12917977,13.76162686,0.632447088,4.817110427,4650,4517,4381,"London planetree",52.54,83.38,11,1315,30.016,97,2.214,6539,0.67,3894,3815,4378,4342
"QN60","Kew Gardens",470.4437085,26.94817005,28.48689613,119.997366,146.9455361,148.4842622,1.538726084,31.23551945,31.5625992,0.327079745,1.047140406,2024,1968,1935,"pin oak",21.56,89.74,15,378,19.535,203,10.491,2620,0.7385,2335,2280,1788,1763
"QN61","Jamaica",1086.043077,24.47185148,36.88966535,69.29324892,93.7651004,106.1829143,12.41781387,8.633644682,9.777044436,1.143399754,13.24353498,4276,4176,4043,"honeylocust",47.52,85.08,7,1444,35.716,95,2.35,5968,0.6774,2512,2362,2781,2743
"QN62","Queensboro Hill",609.3182675,29.84902943,36.99350879,89.60771103,119.4567405,126.6012198,7.144479355,19.60498262,20.77751917,1.172536544,5.980808891,2864,2753,2701,"London planetree",25.32,106.68,11,823,30.47,167,6.183,3745,0.7212,2274,2181,2692,2664
"QN63","Woodside",648.455762,18.84863867,31.38935169,74.70523638,93.55387505,106.0945881,12.54071302,14.42717924,16.36111425,1.933935011,13.40480339,2720,2644,2610,"pin oak",30.44,85.75,10,855,32.759,103,3.946,3905,0.6684,1872,1813,2699,2661
"QN66","Laurelton",913.3358249,42.91897613,45.50128373,124.8649756,167.7839517,170.3662593,2.5823076,18.37045555,18.65318918,0.282733638,1.5390671,4637,4508,4414,"Norway maple",47.54,92.86,11,1217,27.571,257,5.822,6684,0.6604,4325,4151,3515,3458
"QN68","Queensbridge-Ravenswood-Long Island City",535.2854198,8.578500662,19.26269261,58.20373553,66.78223619,77.46642814,10.68419195,12.47600509,14.47198546,1.995980379,15.99855374,1361,1335,1305,"London planetree",22.95,56.86,8,556,42.605,14,1.073,2359,0.5532,1130,1108,876,862
"QN70","Astoria",903.0316953,21.6980392,43.87100817,90.04762851,111.7456677,133.9186367,22.17296898,12.37450117,14.82989328,2.455392108,19.84235222,4388,4255,4183,"pin oak",38.84,107.7,7,1696,40.545,64,1.53,5586,0.7488,3318,3223,3209,3147
"QN71","Old Astoria",358.5766062,9.1870926,19.05291882,36.35731369,45.54440629,55.4102325,9.865826215,12.70144385,15.45282976,2.751385909,21.66199325,1313,1286,1245,"honeylocust",14.69,84.75,6,567,45.542,29,2.329,1944,0.6404,959,931,915,896
"QN72","Steinway",1325.167446,41.55760333,56.72025418,127.441512,168.9991153,184.1617661,15.16265086,12.75303856,13.89724497,1.14420641,8.972029724,5142,4991,4913,"London planetree",43.93,111.83,11,1473,29.982,193,3.928,6218,0.7901,4172,4075,4460,4415
"QN76","Baisley Park",1010.983837,42.31464461,63.06632099,157.6343932,199.9490378,220.7007142,20.75167638,19.77766909,21.83029107,2.052621973,10.37848274,4808,4629,4545,"London planetree",44.05,103.19,12,770,16.942,199,4.378,6440,0.7057,3770,3650,4328,4259
"QN98","Airport",5238.723954,37.07485518,45.32941609,81.92780089,119.0026561,127.257217,8.254560909,2.271596235,2.429164394,0.157568159,6.936450984,168,161,155,"honeylocust",57.54,2.69,8,61,39.355,3,1.935,373,0.4155,18,17,12,12
"QN99","park-cemetery-etc-Queens",7095.11801,212.8901662,259.6843381,1854.665886,2067.556052,2114.350224,46.79417199,29.14054494,29.80007127,0.659526338,2.26326014,2262,2086,2050,"London planetree",74.47,27.53,12,424,20.683,119,5.805,4328,0.4737,237,222,462,446
"SI01","Annadale-Huguenot-Prince's Bay-Eltingville",3238.269656,117.069737,208.8556434,1190.449961,1307.519698,1399.305604,91.78590635,40.3771099,43.21152199,2.834412081,7.01984884,12977,12735,12538,"Callery pear",85.95,145.87,9,3044,24.278,116,0.925,15532,0.8072,10537,10436,13709,13504
"SI05","New Springville-Bloomfield-Travis",7513.54669,128.3350514,383.5819562,1316.167067,1444.502118,1699.749023,255.2469048,19.22530302,22.62245905,3.397156035,17.67023403,8390,8271,8094,"Callery pear",95.76,84.53,8,2579,31.863,102,1.26,11442,0.7074,5521,5421,6416,6338
"SI07","Westerleigh",1452.162273,74.11302466,87.47939989,374.9244622,449.0374869,462.4038621,13.36637522,30.92199097,31.84243737,0.920446391,2.976672464,4954,4899,4844,"pin oak",54.48,88.91,12,1317,27.188,349,7.205,7683,0.6305,3853,3806,5069,5026
"SI08","Grymes Hill-Clifton-Fox Hills",866.6785325,40.1751437,61.82299206,279.9891377,320.1642814,341.8121298,21.64784836,36.94152669,39.43932115,2.497794459,6.761481407,2509,2478,2442,"London planetree",27.05,90.26,8,897,36.732,145,5.938,3863,0.6322,1444,1419,2416,2394
"SI11","Charleston-Richmond Valley-Tottenville",3344.231605,165.6205064,234.5830373,1190.302384,1355.92289,1424.885421,68.96253088,40.54512516,42.60725897,2.062133818,5.086021587,8213,8031,7910,"Callery pear",59.25,133.5,8,2077,26.258,80,1.011,10038,0.788,5052,4882,7225,7169
"SI12","Mariner's Harbor-Arlington-Port Ivory-Graniteville",2054.6894,59.759313,118.3420287,334.767447,394.52676,453.1094757,58.5827157,19.20128463,22.05245599,2.851171359,14.84885732,3766,3684,3582,"Callery pear",39.72,90.18,6,1608,44.891,68,1.898,5567,0.6434,1822,1785,2320,2262
"SI14","Grasmere-Arrochar-Ft. Wadsworth",939.6565111,36.73456437,53.51177612,166.8248964,203.5594608,220.3366725,16.77721175,21.66317781,23.44864,1.785462193,8.241921888,2134,2106,2085,"Callery pear",28.56,73.01,10,510,24.46,62,2.974,3632,0.5741,1664,1660,2823,2800
"SI22","West New Brighton-New Brighton-St. George",1286.279289,65.65223151,85.75657915,288.4816795,354.133911,374.2382586,20.10434764,27.53164994,29.09463457,1.562984634,5.677046736,3970,3897,3756,"London planetree",46.3,81.13,7,1404,37.38,241,6.416,6303,0.5959,2081,2039,2833,2783
"SI24","Todt Hill-Emerson Hill-Heartland Village-Lighthouse Hill",4244.299279,147.8718637,229.9802671,1826.830815,1974.702679,2056.811082,82.10840337,46.5259999,48.46055725,1.934557343,4.15801347,4883,4823,4688,"Callery pear",74.15,63.23,9,1315,28.05,95,2.026,9862,0.4754,4054,3999,4893,4814
"SI25","Oakwood-Oakwood Beach",1284.712364,53.40020408,74.3554049,214.8657268,268.2659309,289.2211317,20.95520082,20.88140025,22.51252029,1.631120039,7.811353739,5663,5567,5460,"London planetree",47.55,114.84,10,1514,27.729,217,3.974,7301,0.7478,3864,3834,3968,3922
"SI28","Port Richmond",836.0859021,37.60702467,47.80226409,116.623762,154.2307866,164.426026,10.19523942,18.44676321,19.66616416,1.219400949,6.610378929,3093,3060,2995,"London planetree",51.46,58.21,8,1169,39.032,160,5.342,4520,0.6626,1777,1762,2078,2036
"SI32","Rossville-Woodrow",1491.351383,58.06106305,104.3679173,436.1220017,494.1830647,540.4899189,46.30685421,33.1365948,36.24162121,3.105026405,9.370384686,9248,8935,8840,"Callery pear",43.11,205.06,9,1908,21.584,38,0.43,9879,0.8948,6405,6333,8530,8433
"SI35","New Brighton-Silver Lake",1082.122717,52.90698198,68.42865884,299.9384201,352.845402,368.3670789,15.52167686,32.60678261,34.04115569,1.434373072,4.399002162,3539,3500,3444,"London planetree",36.92,93.29,10,995,28.891,363,10.54,5250,0.656,2892,2828,3842,3807
"SI36","Old Town-Dongan Hills-South Beach",1538.326314,62.66437454,106.8382453,206.6223275,269.286702,313.4605728,44.17387075,17.50517427,20.37672827,2.871553997,16.40402976,4952,4871,4805,"pin oak",49.23,97.6,11,1334,27.763,125,2.601,7153,0.6717,3518,3490,4552,4507
"SI37","Stapleton-Rosebank",1065.812389,49.49980941,65.6855704,172.4558086,221.955618,238.141379,16.18576099,20.82501765,22.34364899,1.518631343,7.292341205,3835,3760,3625,"cherry",42.48,85.33,6,1515,41.793,85,2.345,5600,0.6473,1823,1794,2717,2692
"SI45","New Dorp-Midland Beach",1272.48116,58.04975432,63.05295689,190.7491814,248.7989357,253.8021383,5.00320257,19.55226871,19.94545352,0.393184805,2.010942111,5464,5397,5339,"London planetree",47.81,111.68,13,1489,27.889,711,13.317,7296,0.7318,4189,4178,5037,5009
"SI48","Arden Heights",1157.276982,39.92208312,71.53564651,377.077396,416.9994791,448.6130425,31.61356339,36.03281544,38.76453515,2.731719707,7.581199731,6994,6826,6729,"Callery pear",35.76,188.19,10,1311,19.483,47,0.698,7532,0.8934,5778,5621,7139,7049
"SI54","Great Kills",2057.082015,85.85649267,129.4119016,431.8957118,517.7522044,561.3076133,43.5554089,25.16925434,27.28659379,2.117339444,8.412404337,10734,10473,10267,"Callery pear",73.83,139.07,10,2182,21.253,175,1.704,12655,0.8113,7019,6943,9852,9730
"SI99","park-cemetery-etc-Staten Island",551.3212363,23.36298118,41.69384197,80.25231502,103.6152962,121.946157,18.33086079,18.79399693,22.11889348,3.324896555,17.69126901,1,0,0,"",0.88,0,NA,0,NA,0,NA,116,0,NA,NA,NA,NA
